fecha,id_producto,cantidad,precio
2025-01-07,215,1,167
2025-01-07,1705,1,80
2025-01-07,334,1,25
2025-01-07,1828,1,47
2025-01-07,434,1,189
2025-01-07,719,1,12
2025-01-07,277,1,89
2025-01-07,225,1,70
2025-01-07,334,1,25
2025-01-07,1804,1,33
2025-01-07,217,1,140
2025-01-07,1809,1,37
2025-01-07,1797,1,48
2025-01-07,719,3,12
2025-01-07,1132,1,88
2025-01-07,1592,1,68
2025-01-07,719,1,12
2025-01-07,1672,1,198
2025-01-07,1896,1,75
2025-01-07,1235,3,135
2025-01-07,1116,1,110
2025-01-07,1484,1,84
2025-01-07,2197,1,107
2025-01-07,1905,1,70
2025-01-07,1507,1,104
2025-01-07,1152,1,137
2025-01-07,46,1,40
2025-01-07,1472,1,25
2025-01-07,754,5,150
2025-01-07,1423,1,173
2025-01-07,448,2,61
2025-01-07,1810,1,12
2025-01-07,1810,1,12
2025-01-07,719,1,12
2025-01-07,783,1,10
2025-01-07,1309,1,70
2025-01-07,1309,1,70
2025-01-07,3162,1,175
2025-01-07,1799,1,25
2025-01-07,538,1,50
2025-01-07,735,1,88
2025-01-07,1132,1,88
2025-01-07,217,1,140
2025-01-07,1255,1,69
2025-01-07,1649,2,10
2025-01-07,1081,1,121
2025-01-07,3135,1,108
2025-01-07,1309,1,70
2025-01-07,1446,1,40
2025-01-07,974,1,82
2025-01-07,1308,1,27
2025-01-07,1309,1,70
2025-01-07,545,1,72
2025-01-07,1639,1,80
2025-01-07,1810,1,12
2025-01-07,727,1,140
2025-01-07,1228,1,28
2025-01-07,552,2,5
2025-01-07,1309,1,70
2025-01-07,701,2,15
2025-01-07,1235,1,135
2025-01-07,1507,1,104
2025-01-07,3116,6,22
2025-01-07,1802,1,40
2025-01-07,295,2,134
2025-01-07,238,1,102
2025-01-07,1890,1,80
2025-01-07,1355,1,127
2025-01-07,2819,1,84
2025-01-07,1802,2,40
2025-01-07,421,1,22
2025-01-07,434,1,189
2025-01-07,1234,1,89
2025-01-07,947,1,85
2025-01-07,1800,1,43
2025-01-07,542,1,23
2025-01-07,542,1,23
2025-01-07,225,1,70
2025-01-07,545,1,72
2025-01-07,335,1,25
2025-01-07,460,1,72
2025-01-07,1710,1,146
2025-01-07,1350,1,85
2025-01-07,2197,1,107
2025-01-07,1255,1,69
2025-01-07,853,1,17
2025-01-07,951,1,65
2025-01-07,680,1,86
2025-01-07,719,3,12
2025-01-07,1449,1,35
2025-01-07,1639,1,80
2025-01-07,541,1,63
2025-01-07,271,1,123
2025-01-07,1799,1,25
2025-01-07,1798,1,28
2025-01-07,1884,1,54
2025-01-08,614,1,92
2025-01-08,1802,2,40
2025-01-08,719,1,12
2025-01-08,552,2,5
2025-01-08,1272,1,150
2025-01-08,218,1,245
2025-01-08,217,2,140
2025-01-08,478,1,300
2025-01-08,584,1,76
2025-01-08,1255,1,69
2025-01-08,1083,1,335
2025-01-08,227,1,118
2025-01-08,1827,1,65
2025-01-08,330,2,80
2025-01-08,412,1,158
2025-01-08,1309,1,70
2025-01-08,1286,1,28
2025-01-08,43,1,50
2025-01-08,28,2,40
2025-01-08,529,3,42
2025-01-08,519,3,42
2025-01-08,1144,2,155
2025-01-08,1043,2,110
2025-01-08,1810,1,12
2025-01-08,51,1,89
2025-01-08,1449,1,35
2025-01-08,1473,1,20
2025-01-08,1453,1,42
2025-01-08,1798,1,28
2025-01-08,1255,2,69
2025-01-08,1184,1,7
2025-01-08,354,1,58
2025-01-08,894,1,165
2025-01-08,70,1,46
2025-01-08,124,2,88
2025-01-08,1695,1,170
2025-01-08,1707,4,16
2025-01-08,1897,2,140
2025-01-08,789,1,238
2025-01-08,126,1,57
2025-01-08,3171,2,250
2025-01-08,362,1,46
2025-01-08,1354,1,198
2025-01-08,777,1,148
2025-01-08,20,1,237
2025-01-08,862,1,17
2025-01-08,1596,1,68
2025-01-08,1507,1,104
2025-01-08,133,1,98
2025-01-08,1258,2,49
2025-01-08,1678,1,80
2025-01-08,30,1,210
2025-01-08,1354,1,99
2025-01-08,51,1,89
2025-01-08,1672,1,198
2025-01-08,1333,2,132
2025-01-08,552,5,5
2025-01-08,719,1,12
2025-01-08,727,1,140
2025-01-08,3164,1,40
2025-01-08,47,1,40
2025-01-08,83,1,40
2025-01-08,974,1,82
2025-01-08,1731,1,112
2025-01-08,538,1,50
2025-01-08,1145,1,209
2025-01-08,1132,1,88
2025-01-08,50,1,40
2025-01-08,861,1,17
2025-01-08,277,3,89
2025-01-08,1816,2,3
2025-01-08,1153,1,138
2025-01-08,217,1,140
2025-01-08,1453,1,42
2025-01-08,277,1,89
2025-01-08,719,1,12
2025-01-08,1800,1,43
2025-01-08,51,1,89
2025-01-08,541,1,63
2025-01-08,1381,1,77
2025-01-08,637,1,98
2025-01-08,51,2,89
2025-01-08,561,1,110
2025-01-08,1810,1,12
2025-01-08,1804,1,33
2025-01-08,1798,9,28
2025-01-08,28,2,40
2025-01-08,1153,2,138
2025-01-08,1171,2,73
2025-01-08,534,1,110
2025-01-08,227,1,118
2025-01-08,1802,1,40
2025-01-02,460,1,72
2025-01-02,51,1,89
2025-01-02,1591,1,68
2025-01-02,992,1,98
2025-01-02,1708,1,50
2025-01-02,1800,1,43
2025-01-02,2418,3,10
2025-01-02,494,1,57
2025-01-02,1094,1,155
2025-01-02,460,1,72
2025-01-02,1801,1,43
2025-01-02,1802,1,40
2025-01-02,650,1,86
2025-01-02,1153,1,138
2025-01-02,3208,1,50
2025-01-02,194,1,81
2025-01-02,29,1,146
2025-01-02,81,1,64
2025-01-02,1816,4,3
2025-01-02,552,1,5
2025-01-02,1805,2,20
2025-01-02,1420,1,45
2025-01-02,1235,1,135
2025-01-02,1272,2,150
2025-01-02,1798,1,28
2025-01-02,1799,1,25
2025-01-02,1809,2,37
2025-01-02,1309,1,70
2025-01-02,1799,1,25
2025-01-02,1309,1,70
2025-01-02,807,1,86
2025-01-02,552,1,5
2025-01-02,1165,1,5
2025-01-02,1726,1,62
2025-01-02,587,1,76
2025-01-02,1826,1,75
2025-01-02,3186,1,105
2025-01-02,1800,1,43
2025-01-02,552,2,5
2025-01-02,1165,1,5
2025-01-02,965,1,129
2025-01-02,151,1,96
2025-01-02,217,1,140
2025-01-02,588,1,120
2025-01-02,1364,1,125
2025-01-02,1649,3,10
2025-01-02,1565,1,95
2025-01-02,1712,1,92
2025-01-02,955,1,399
2025-01-02,1327,1,365
2025-01-02,244,1,138
2025-01-02,1802,1,40
2025-01-02,448,1,61
2025-01-02,1649,2,10
2025-01-02,225,1,70
2025-01-02,1590,1,68
2025-01-02,217,1,140
2025-01-02,951,1,65
2025-01-02,133,1,98
2025-01-02,1272,6,150
2025-01-02,1637,1,42
2025-01-02,1810,2,12
2025-01-02,1272,4,150
2025-01-02,1799,1,25
2025-01-02,1798,2,28
2025-01-02,1800,1,43
2025-01-02,1235,1,36
2025-01-02,834,1,148
2025-01-02,295,1,134
2025-01-02,1244,1,84
2025-01-02,1184,1,7
2025-01-02,1255,1,69
2025-01-02,217,2,140
2025-01-02,238,1,102
2025-01-02,434,1,189
2025-01-02,970,1,86
2025-01-02,170,1,123
2025-01-02,1705,1,80
2025-01-02,198,1,65
2025-01-02,995,1,115
2025-01-02,1480,1,65
2025-01-02,1800,1,43
2025-01-02,718,1,35
2025-01-02,1412,1,58
2025-01-02,1312,2,214
2025-01-02,383,1,200
2025-01-02,217,1,140
2025-01-02,1312,1,214
2025-01-02,51,1,89
2025-01-02,1216,1,50
2025-01-02,1015,1,80
2025-01-02,51,1,89
2025-01-02,1090,1,49
2025-01-02,719,1,12
2025-01-02,1747,1,105
2025-01-02,1810,2,12
2025-01-02,719,2,12
2025-01-02,650,1,86
2025-01-02,552,1,5
2025-01-02,793,5,1
2025-01-02,1798,1,28
2025-01-02,368,1,50
2025-01-02,664,1,77
2025-01-02,872,1,17
2025-01-02,1507,1,104
2025-01-02,1810,1,12
2025-01-02,1225,5,20
2025-01-02,1799,1,25
2025-01-02,1574,1,95
2025-01-02,719,1,12
2025-01-02,1255,1,69
2025-01-02,225,1,70
2025-01-02,80,1,45
2025-01-02,1255,1,69
2025-01-02,1798,1,28
2025-01-02,1310,1,100
2025-01-02,296,1,33
2025-01-02,1801,1,43
2025-01-02,1235,1,36
2025-01-02,1802,1,40
2025-01-02,1184,2,7
2025-01-02,1255,1,69
2025-01-02,1552,1,99
2025-01-02,562,1,110
2025-01-02,1080,1,105
2025-01-02,1802,1,40
2025-01-02,34,1,65
2025-01-02,1295,1,40
2025-01-02,1591,1,68
2025-01-02,1554,3,99
2025-01-02,1015,1,80
2025-01-02,1714,1,67
2025-01-02,1256,1,207
2025-01-02,1650,1,94
2025-01-02,583,1,69
2025-01-02,767,1,100
2025-01-02,51,1,89
2025-01-02,552,6,5
2025-01-02,1255,1,69
2025-01-02,80,1,45
2025-01-02,381,1,65
2025-01-02,1871,1,140
2025-01-02,1437,1,65
2025-01-02,1708,1,50
2025-01-02,1810,2,12
2025-01-02,583,2,69
2025-01-02,562,1,110
2025-01-02,1798,1,28
2025-01-02,1322,1,35
2025-01-02,1800,1,43
2025-01-02,80,1,45
2025-01-02,1248,1,5
2025-01-02,806,1,33
2025-01-02,1798,1,28
2025-01-02,1810,2,12
2025-01-02,1420,1,45
2025-01-02,1811,1,280
2025-01-02,1397,1,95
2025-01-02,1810,1,12
2025-01-02,480,1,48
2025-01-02,464,1,220
2025-01-02,226,1,118
2025-01-02,1802,1,40
2025-01-02,1798,1,28
2025-01-02,227,1,118
2025-01-02,214,1,80
2025-01-02,677,1,232
2025-01-02,951,2,65
2025-01-02,51,1,89
2025-01-02,680,1,86
2025-01-02,800,1,40
2025-01-02,81,1,64
2025-01-02,1398,1,82
2025-01-02,1422,1,97
2025-01-03,1604,1,45
2025-01-03,1437,1,65
2025-01-03,1310,1,100
2025-01-03,1800,1,43
2025-01-03,1649,2,10
2025-01-03,51,1,89
2025-01-03,1472,1,25
2025-01-03,1905,1,70
2025-01-03,1255,1,69
2025-01-03,1153,1,138
2025-01-03,1153,1,138
2025-01-03,1310,1,100
2025-01-03,166,1,80
2025-01-03,1649,2,10
2025-01-03,3154,1,17
2025-01-03,714,1,50
2025-01-03,1000,1,85
2025-01-03,1461,2,35
2025-01-03,948,1,58
2025-01-03,194,1,81
2025-01-03,684,1,65
2025-01-03,1090,1,49
2025-01-03,753,1,67
2025-01-03,81,1,64
2025-01-03,1447,1,65
2025-01-03,1132,1,88
2025-01-03,1472,1,25
2025-01-03,1255,1,69
2025-01-03,227,1,118
2025-01-03,1068,1,42
2025-01-03,407,1,65
2025-01-03,719,1,12
2025-01-03,256,1,10
2025-01-03,1255,1,69
2025-01-03,890,1,80
2025-01-03,366,1,42
2025-01-03,1738,2,104
2025-01-03,1623,1,57
2025-01-03,912,1,28
2025-01-03,1355,1,127
2025-01-03,1255,1,69
2025-01-03,52,1,85
2025-01-03,1800,1,43
2025-01-03,614,3,92
2025-01-03,1127,1,95
2025-01-03,798,1,32
2025-01-03,1309,1,70
2025-01-03,31,1,186
2025-01-03,1321,1,18
2025-01-03,1810,1,12
2025-01-03,1211,1,28
2025-01-03,1446,1,40
2025-01-03,1668,1,120
2025-01-03,1811,1,280
2025-01-03,719,1,12
2025-01-03,1309,1,70
2025-01-03,1798,1,28
2025-01-03,295,1,134
2025-01-03,1848,2,85
2025-01-03,1397,2,95
2025-01-03,434,1,189
2025-01-03,217,1,140
2025-01-03,686,2,95
2025-01-03,737,1,198
2025-01-03,189,1,126
2025-01-03,1800,1,43
2025-01-03,3195,2,70
2025-01-03,1838,1,25
2025-01-03,52,1,85
2025-01-03,51,1,89
2025-01-03,68,1,83
2025-01-03,1538,1,26
2025-01-03,1420,1,45
2025-01-03,1649,1,200
2025-01-03,410,1,80
2025-01-03,175,1,108
2025-01-03,1662,1,137
2025-01-03,3179,1,85
2025-01-03,380,1,95
2025-01-03,580,1,75
2025-01-03,333,1,62
2025-01-03,460,1,72
2025-01-03,1701,1,188
2025-01-03,473,1,58
2025-01-03,138,1,80
2025-01-03,1802,1,40
2025-01-03,1800,1,43
2025-01-03,1027,2,38
2025-01-03,1803,1,48
2025-01-03,767,1,100
2025-01-03,217,1,140
2025-01-16,107,2,20
2025-01-16,741,1,24
2025-01-16,235,1,40
2025-01-16,440,1,83
2025-01-16,726,1,135
2025-01-16,1235,1,135
2025-01-16,904,1,30
2025-01-16,1216,1,50
2025-01-16,3129,1,750
2025-01-16,715,1,49
2025-01-16,1649,2,10
2025-01-16,30,1,210
2025-01-16,1398,1,82
2025-01-16,720,1,34
2025-01-16,869,1,17
2025-01-16,1828,1,47
2025-01-16,863,1,17
2025-01-16,1798,4,28
2025-01-16,527,1,99
2025-01-16,478,1,300
2025-01-16,1809,1,37
2025-01-16,3209,1,50
2025-01-16,719,1,15
2025-01-16,1490,1,42
2025-01-16,1422,3,97
2025-01-16,52,1,85
2025-01-16,158,8,12
2025-01-16,466,1,220
2025-01-16,1810,1,12
2025-01-16,1165,2,5
2025-01-16,338,1,84
2025-01-16,754,1,150
2025-01-16,1244,2,84
2025-01-16,1726,3,62
2025-01-16,427,1,59
2025-01-16,429,1,59
2025-01-16,713,1,178
2025-01-16,693,2,92
2025-01-16,1353,1,140
2025-01-16,1795,1,126
2025-01-16,1819,1,126
2025-01-16,225,1,70
2025-01-16,1441,1,80
2025-01-16,1507,1,104
2025-01-16,1371,1,65
2025-01-16,1813,1,22
2025-01-16,3135,1,108
2025-01-16,170,1,123
2025-01-16,217,1,144
2025-01-16,1235,1,135
2025-01-16,78,1,42
2025-01-16,1284,1,94
2025-01-16,90,1,45
2025-01-16,1272,1,150
2025-01-16,1596,1,68
2025-01-16,1799,2,25
2025-01-16,1802,2,40
2025-01-16,980,1,72
2025-01-16,1802,1,40
2025-01-16,1798,1,28
2025-01-16,467,1,220
2025-01-16,1255,1,69
2025-01-16,3116,1,22
2025-01-16,3224,1,22
2025-01-16,288,1,25
2025-01-16,1289,1,40
2025-01-16,920,1,49
2025-01-16,1637,1,42
2025-01-16,1413,1,65
2025-01-16,1000,1,85
2025-01-16,344,1,72
2025-01-16,1649,3,10
2025-01-16,1235,2,36
2025-01-16,719,1,15
2025-01-16,552,2,5
2025-01-16,1090,1,49
2025-01-16,1349,1,45
2025-01-16,277,1,89
2025-01-16,1637,1,42
2025-01-16,1810,1,12
2025-01-16,1574,1,95
2025-01-16,238,1,102
2025-01-16,883,1,17
2025-01-16,865,1,17
2025-01-16,3152,1,80
2025-01-16,472,1,20
2025-01-16,865,1,17
2025-01-16,1099,1,60
2025-01-16,552,2,5
2025-01-16,1804,2,33
2025-01-16,3116,1,22
2025-01-16,1799,1,25
2025-01-16,721,1,37
2025-01-16,1798,1,28
2025-01-10,334,1,25
2025-01-10,1649,2,10
2025-01-10,1589,1,68
2025-01-10,438,1,72
2025-01-10,1637,1,42
2025-01-10,1137,1,21
2025-01-10,793,20,1
2025-01-10,1402,1,220
2025-01-10,1453,1,42
2025-01-10,1380,1,125
2025-01-10,1255,1,69
2025-01-10,362,1,23
2025-01-10,1309,1,70
2025-01-10,217,1,140
2025-01-10,680,1,86
2025-01-10,1235,2,135
2025-01-10,939,1,26
2025-01-10,3164,1,40
2025-01-10,451,1,86
2025-01-10,1255,1,69
2025-01-10,1649,2,10
2025-01-10,1649,2,10
2025-01-10,552,2,5
2025-01-10,217,1,140
2025-01-10,468,1,220
2025-01-10,493,1,234
2025-01-10,659,2,36
2025-01-10,1539,1,42
2025-01-10,800,1,40
2025-01-10,240,1,128
2025-01-10,779,1,125
2025-01-10,1665,1,75
2025-01-10,1799,1,25
2025-01-10,217,1,140
2025-01-10,1826,1,75
2025-01-10,1802,1,40
2025-01-10,1422,1,97
2025-01-10,1382,1,74
2025-01-10,1636,1,133
2025-01-10,83,1,40
2025-01-10,460,1,72
2025-01-10,1800,1,43
2025-01-10,1338,1,112
2025-01-10,238,1,102
2025-01-10,56,1,140
2025-01-10,380,1,95
2025-01-10,256,1,10
2025-01-10,1309,1,70
2025-01-10,1714,1,67
2025-01-10,2094,1,18
2025-01-10,1327,1,365
2025-01-10,1397,1,95
2025-01-10,1422,5,97
2025-01-10,591,1,55
2025-01-10,1798,1,28
2025-01-10,226,1,118
2025-01-10,1810,1,12
2025-01-10,1590,1,68
2025-01-10,1592,1,68
2025-01-10,288,1,25
2025-01-10,1813,1,22
2025-01-10,217,1,140
2025-01-10,1080,1,105
2025-01-10,505,1,92
2025-01-10,3148,1,17
2025-01-10,3154,1,17
2025-01-10,1225,1,20
2025-01-10,737,1,198
2025-01-10,754,1,150
2025-01-10,1153,1,138
2025-01-10,920,1,49
2025-01-10,3162,1,175
2025-01-10,1050,1,168
2025-01-10,1108,1,47
2025-01-10,1803,1,48
2025-01-10,719,1,12
2025-01-10,1048,1,61
2025-01-10,1282,1,87
2025-01-10,1282,1,87
2025-01-10,71,1,45
2025-01-10,1649,2,10
2025-01-10,1809,1,37
2025-01-10,1504,1,35
2025-01-10,144,2,36
2025-01-10,1798,1,28
2025-01-10,1321,1,18
2025-01-10,1816,2,3
2025-01-10,1164,1,75
2025-01-10,1255,1,69
2025-01-10,1327,1,365
2025-01-10,1169,4,25
2025-01-10,1848,2,85
2025-01-10,1809,1,37
2025-01-10,20,1,237
2025-01-16,217,1,144
2025-01-16,1051,1,91
2025-01-16,946,1,80
2025-01-16,946,1,80
2025-01-16,83,1,40
2025-01-16,299,1,85
2025-01-16,1309,2,70
2025-01-16,1446,1,40
2025-01-16,1484,1,84
2025-01-16,168,1,15
2025-01-16,3186,2,105
2025-01-16,217,2,144
2025-01-16,226,1,118
2025-01-16,724,1,38
2025-01-16,719,1,15
2025-01-16,1446,1,40
2025-01-16,1255,1,69
2025-01-16,1312,1,214
2025-01-16,526,1,45
2025-01-16,803,1,15
2025-01-16,1309,1,70
2025-01-16,366,1,42
2025-01-17,1813,2,22
2025-01-17,1799,1,25
2025-01-17,545,1,72
2025-01-17,1333,1,132
2025-01-17,344,1,72
2025-01-17,1309,2,70
2025-01-17,633,1,38
2025-01-17,3141,1,122
2025-01-17,3144,1,122
2025-01-17,1149,1,52
2025-01-17,1774,1,65
2025-01-17,1649,1,10
2025-01-17,329,1,93
2025-01-17,448,1,61
2025-01-17,549,1,110
2025-01-17,1235,1,36
2025-01-17,650,1,86
2025-01-17,887,1,56
2025-01-17,1184,4,7
2025-01-17,815,1,117
2025-01-17,1649,1,10
2025-01-17,1028,1,23
2025-01-17,1247,1,45
2025-01-17,1310,1,100
2025-01-17,1584,1,95
2025-01-17,1807,1,70
2025-01-17,1888,1,65
2025-01-17,672,1,137
2025-01-17,1094,1,155
2025-01-17,1626,1,25
2025-01-17,1030,1,58
2025-01-17,1096,1,52
2025-01-17,1458,1,95
2025-01-17,191,1,20
2025-01-17,1566,1,95
2025-01-17,440,1,83
2025-01-17,1810,1,12
2025-01-17,671,1,15
2025-01-17,1585,1,95
2025-01-17,292,2,60
2025-01-17,1437,1,65
2025-01-17,369,1,50
2025-01-17,181,1,133
2025-01-17,1726,1,62
2025-01-17,1200,1,32
2025-01-17,1649,1,200
2025-01-17,1396,1,84
2025-01-17,1282,1,87
2025-01-17,3135,1,108
2025-01-17,569,1,48
2025-01-17,1810,1,12
2025-01-17,1307,1,334
2025-01-17,434,1,189
2025-01-17,1333,2,132
2025-01-17,1255,1,69
2025-01-17,1708,1,50
2025-01-17,81,1,64
2025-01-17,1224,1,32
2025-01-17,387,1,80
2025-01-17,1573,1,95
2025-01-17,946,1,80
2025-01-17,1349,1,45
2025-01-17,120,1,25
2025-01-17,1472,1,25
2025-01-17,1649,1,10
2025-01-17,1507,1,104
2025-01-17,1804,1,33
2025-01-17,1798,1,28
2025-01-17,255,1,76
2025-01-17,1591,1,68
2025-01-17,292,1,30
2025-01-17,1575,1,97
2025-01-24,51,1,89
2025-01-24,719,2,15
2025-01-24,238,1,102
2025-01-24,1826,1,75
2025-01-24,1255,1,70
2025-01-24,348,2,260
2025-01-24,1808,1,85
2025-01-24,299,1,85
2025-01-24,719,2,15
2025-01-24,1426,1,25
2025-01-24,805,1,50
2025-01-24,881,1,17
2025-01-24,1152,1,137
2025-01-24,1795,1,126
2025-01-24,1810,2,12
2025-01-24,663,1,49
2025-01-24,1802,1,40
2025-01-24,1248,1,5
2025-01-24,1576,1,50
2025-01-24,217,1,144
2025-01-24,1558,1,99
2025-01-24,216,2,15
2025-01-24,1713,1,112
2025-01-24,1235,1,36
2025-01-24,323,1,33
2025-01-24,3116,6,22
2025-01-24,1809,1,37
2025-01-24,3116,1,22
2025-01-24,1498,1,28
2025-01-24,1800,1,43
2025-01-24,1507,1,104
2025-01-24,1576,1,50
2025-01-24,1097,1,30
2025-01-24,1803,1,48
2025-01-24,1164,1,75
2025-01-24,1826,1,75
2025-01-24,217,1,144
2025-01-24,1795,1,126
2025-01-24,1598,1,68
2025-01-24,1826,1,75
2025-01-24,1800,2,43
2025-01-24,1826,1,75
2025-01-24,1152,1,137
2025-01-24,1248,1,5
2025-01-24,451,1,86
2025-01-24,1774,1,65
2025-01-24,1019,1,264
2025-01-24,961,1,159
2025-01-24,1152,1,137
2025-01-24,139,1,96
2025-01-24,3186,1,105
2025-01-24,1802,14,40
2025-01-24,1800,4,43
2025-01-24,1799,13,25
2025-01-24,1813,3,22
2025-01-24,296,1,35
2025-01-24,2094,1,18
2025-01-24,344,1,72
2025-01-24,1096,1,52
2025-01-24,3116,1,22
2025-01-24,1799,1,25
2025-01-24,138,1,80
2025-01-24,1810,2,12
2025-01-24,1800,1,43
2025-01-24,892,1,192
2025-01-24,1051,1,91
2025-01-24,460,2,72
2025-01-24,650,1,86
2025-01-24,1288,1,40
2025-01-24,1072,1,40
2025-01-25,1649,1,10
2025-01-25,719,1,15
2025-01-25,464,1,220
2025-01-25,1244,1,84
2025-01-25,194,1,81
2025-01-25,1091,1,59
2025-01-25,1649,1,10
2025-01-25,1531,1,50
2025-01-25,260,1,38
2025-01-25,1882,1,122
2025-01-25,887,1,56
2025-01-25,107,1,20
2025-01-25,1272,1,150
2025-01-25,1802,1,40
2025-01-25,217,1,144
2025-01-25,378,2,82
2025-01-25,1507,1,104
2025-01-25,771,1,65
2025-01-25,1585,1,95
2025-01-25,1649,1,10
2025-01-25,3186,1,105
2025-01-25,1713,1,112
2025-01-25,947,1,85
2025-01-25,3196,1,126
2025-01-23,771,1,65
2025-01-23,733,1,59
2025-01-23,218,1,245
2025-01-23,780,1,135
2025-01-23,1288,1,40
2025-01-23,1093,1,98
2025-01-23,1676,1,65
2025-01-23,1272,10,150
2025-01-23,343,1,100
2025-01-23,1810,2,12
2025-01-23,806,1,33
2025-01-23,1708,2,50
2025-01-23,1333,1,132
2025-01-23,1800,1,43
2025-01-23,719,1,15
2025-01-23,1517,1,42
2025-01-23,3206,1,49
2025-01-23,165,1,171
2025-01-23,1244,1,84
2025-01-23,1255,1,70
2025-01-23,965,1,129
2025-01-23,1286,1,28
2025-01-23,1011,1,198
2025-01-23,1673,1,300
2025-01-23,48,1,40
2025-01-23,1437,1,65
2025-01-23,1632,1,330
2025-01-23,717,1,273
2025-01-23,561,1,110
2025-01-23,1152,1,137
2025-01-23,1694,1,85
2025-01-23,1810,2,12
2025-01-23,217,1,144
2025-01-23,217,1,144
2025-01-23,338,1,84
2025-01-23,588,1,120
2025-01-23,1309,1,70
2025-01-23,780,1,135
2025-01-23,460,1,72
2025-01-23,552,1,5
2025-01-23,225,1,70
2025-01-23,238,1,102
2025-01-23,1244,1,84
2025-01-23,701,1,15
2025-01-23,1573,1,95
2025-01-23,1152,1,137
2025-01-23,974,1,82
2025-01-23,1802,1,40
2025-01-23,1649,1,10
2025-01-23,214,1,80
2025-01-23,754,1,150
2025-01-23,680,1,86
2025-01-23,1810,1,12
2025-01-23,1826,1,75
2025-01-23,1649,1,10
2025-01-23,24,1,88
2025-01-23,424,1,216
2025-01-23,241,1,45
2025-01-23,226,1,118
2025-01-23,719,1,15
2025-01-23,771,1,65
2025-01-23,1178,1,48
2025-01-23,1401,1,53
2025-01-23,1225,1,20
2025-01-23,1114,1,23
2025-01-23,1797,1,48
2025-01-23,51,1,89
2025-01-23,951,1,65
2025-01-23,193,1,117
2025-01-23,1255,1,70
2025-01-23,366,1,42
2025-01-23,1252,1,65
2025-01-23,834,1,148
2025-01-23,894,1,165
2025-01-23,1573,1,95
2025-01-23,1800,1,43
2025-01-23,28,1,40
2025-01-23,1800,1,43
2025-01-23,1798,1,28
2025-01-23,1834,1,6
2025-01-23,1649,1,10
2025-01-23,1798,1,28
2025-01-23,754,1,150
2025-01-23,552,2,5
2025-01-23,1800,1,43
2025-01-23,719,1,15
2025-01-23,56,1,140
2025-01-23,1184,1,7
2025-01-23,1827,1,65
2025-01-23,1813,1,22
2025-01-23,1507,1,104
2025-01-23,1275,1,73
2025-01-23,1276,1,58
2025-01-23,1573,1,95
2025-01-23,951,1,65
2025-01-23,798,1,32
2025-01-23,974,1,82
2025-01-23,1309,1,70
2025-01-23,277,1,89
2025-01-23,659,1,36
2025-01-23,1398,1,82
2025-01-23,1800,1,43
2025-01-23,1826,1,75
2025-01-23,1397,1,95
2025-01-23,946,1,80
2025-01-23,464,1,220
2025-01-23,721,1,37
2025-01-23,1111,1,30
2025-01-23,460,1,72
2025-01-23,425,1,70
2025-01-23,951,1,65
2025-01-23,1810,1,12
2025-01-23,951,2,65
2025-01-23,947,1,85
2025-01-23,767,1,100
2025-01-23,753,1,67
2025-01-23,1507,1,104
2025-01-23,563,1,110
2025-01-23,1091,1,59
2025-01-23,1260,1,58
2025-01-23,1272,1,150
2025-01-23,1444,1,40
2025-01-23,1282,1,87
2025-01-24,1152,1,137
2025-01-24,614,2,92
2025-01-24,368,2,50
2025-01-24,3146,1,15
2025-01-24,1248,1,5
2025-01-24,1316,1,69
2025-01-24,719,1,15
2025-01-24,348,1,260
2025-01-24,767,1,100
2025-01-24,468,1,220
2025-01-24,217,1,144
2025-01-24,1816,9,3
2025-01-24,1531,1,50
2025-01-24,974,1,82
2025-01-24,948,1,58
2025-01-24,1184,1,7
2025-01-24,1248,1,5
2025-01-24,1798,1,28
2025-01-24,1810,1,12
2025-01-24,295,1,140
2025-01-24,1769,1,45
2025-01-24,1309,1,70
2025-01-24,3126,1,33
2025-01-24,782,1,160
2025-01-24,1248,2,5
2025-01-24,3212,1,50
2025-01-24,1810,1,12
2025-01-24,217,1,144
2025-01-24,1787,1,85
2025-01-24,1800,3,43
2025-01-24,1798,1,28
2025-01-24,718,1,35
2025-01-24,3150,1,126
2025-01-24,1363,1,116
2025-01-24,1810,3,12
2025-01-24,225,1,70
2025-01-24,1097,1,30
2025-01-24,1437,2,65
2025-01-24,1578,1,65
2025-01-24,1800,1,43
2025-01-24,1800,1,43
2025-01-24,1570,1,95
2025-01-24,217,1,144
2025-01-24,128,2,68
2025-01-24,1458,2,95
2025-01-24,1813,1,22
2025-01-24,1799,1,25
2025-01-24,1858,1,35
2025-01-24,965,1,129
2025-01-24,1800,1,43
2025-01-24,1132,5,88
2025-01-24,1398,1,82
2025-01-24,1255,2,70
2025-01-24,1813,1,22
2025-01-24,1037,1,110
2025-01-24,1649,1,10
2025-01-24,390,1,125
2025-01-24,792,1,237
2025-01-24,719,1,15
2025-01-24,390,1,125
2025-01-24,1802,1,40
2025-01-24,1611,1,78
2025-01-24,241,1,45
2025-01-24,1810,1,12
2025-01-24,225,1,70
2025-01-03,1229,1,25
2025-01-03,3116,10,22
2025-01-03,1803,2,48
2025-01-03,1802,8,40
2025-01-03,1799,8,25
2025-01-03,1813,2,22
2025-01-03,1037,1,110
2025-01-03,1383,1,97
2025-01-03,260,1,38
2025-01-03,3147,2,17
2025-01-03,871,3,17
2025-01-03,1152,1,137
2025-01-03,961,1,159
2025-01-03,131,1,138
2025-01-03,881,1,17
2025-01-03,1184,1,7
2025-01-03,1624,1,122
2025-01-03,153,1,117
2025-01-03,677,1,232
2025-01-03,1800,1,43
2025-01-03,1848,6,85
2025-01-03,1580,1,95
2025-01-03,1453,1,42
2025-01-03,1472,1,25
2025-01-03,1714,1,67
2025-01-03,425,1,70
2025-01-03,1309,2,70
2025-01-03,1184,1,7
2025-01-03,1538,2,26
2025-01-03,1803,1,48
2025-01-03,1800,1,43
2025-01-03,912,1,28
2025-01-03,1087,1,70
2025-01-03,845,1,173
2025-01-03,1666,1,63
2025-01-03,217,1,140
2025-01-03,1698,1,170
2025-01-03,1322,1,35
2025-01-03,29,1,146
2025-01-03,320,1,150
2025-01-03,217,1,140
2025-01-03,535,2,23
2025-01-03,1591,4,68
2025-01-03,1225,5,20
2025-01-03,380,1,95
2025-01-03,1457,1,59
2025-01-03,1507,1,104
2025-01-03,1800,2,43
2025-01-03,1260,1,58
2025-01-03,103,1,50
2025-01-03,353,1,25
2025-01-03,78,1,42
2025-01-03,83,1,40
2025-01-03,3169,1,31
2025-01-03,614,1,92
2025-01-03,1870,1,20
2025-01-03,217,2,140
2025-01-03,1648,1,137
2025-01-03,1631,1,37
2025-01-03,1398,1,82
2025-01-03,1309,1,70
2025-01-03,1592,1,68
2025-01-03,1810,1,12
2025-01-03,1255,1,69
2025-01-03,242,1,27
2025-01-03,242,1,27
2025-01-04,51,1,89
2025-01-04,1802,1,40
2025-01-04,217,1,140
2025-01-04,1398,1,82
2025-01-04,1539,1,42
2025-01-04,1810,1,12
2025-01-04,1649,2,10
2025-01-04,260,1,38
2025-01-04,1780,1,140
2025-01-04,562,1,110
2025-01-04,1309,1,70
2025-01-04,400,1,48
2025-01-04,595,1,55
2025-01-04,132,1,118
2025-01-04,524,1,210
2025-01-04,138,1,80
2025-01-04,434,1,189
2025-01-04,1184,1,7
2025-01-04,946,1,80
2025-01-04,594,1,85
2025-01-04,1398,1,82
2025-01-04,1637,2,42
2025-01-04,2447,1,165
2025-01-04,1446,1,40
2025-01-04,1649,3,10
2025-01-04,1420,1,45
2025-01-04,1255,1,69
2025-01-04,308,1,43
2025-01-04,217,1,140
2025-01-04,1144,1,155
2025-01-04,485,1,109
2025-01-04,1802,1,40
2025-01-04,225,1,70
2025-01-04,743,1,80
2025-01-04,319,1,70
2025-01-04,1648,1,137
2025-01-04,216,1,15
2025-01-04,1255,1,69
2025-01-04,1255,1,69
2025-01-04,2173,1,30
2025-01-04,1145,1,209
2025-01-04,1235,1,135
2025-01-04,1744,1,78
2025-01-04,525,1,45
2025-01-04,502,1,44
2025-01-04,434,1,189
2025-01-04,1327,1,365
2025-01-04,549,1,110
2025-01-04,51,1,89
2025-01-04,1802,2,40
2025-01-04,1590,1,68
2025-01-04,29,1,146
2025-01-04,1803,1,48
2025-01-04,1590,1,68
2025-01-04,1594,2,68
2025-01-04,890,1,80
2025-01-04,217,1,140
2025-01-04,1798,1,28
2025-01-04,551,1,80
2025-01-04,1723,1,42
2025-01-04,1258,1,49
2025-01-04,1649,2,10
2025-01-04,225,1,70
2025-01-04,217,1,140
2025-01-04,1649,1,10
2025-01-04,1255,1,69
2025-01-04,1649,3,10
2025-01-04,1309,1,70
2025-01-04,1422,1,97
2025-01-04,1255,1,69
2025-01-04,394,1,136
2025-01-04,1255,1,69
2025-01-04,1272,1,150
2025-01-04,1708,1,50
2025-01-04,1165,1,5
2025-01-04,1255,1,69
2025-01-04,475,1,58
2025-01-04,1826,1,75
2025-01-04,421,1,22
2025-01-04,256,1,10
2025-01-04,1554,1,99
2025-01-04,1264,1,89
2025-01-04,394,1,136
2025-01-04,1282,1,87
2025-01-04,1282,1,87
2025-01-04,1412,1,58
2025-01-04,1649,1,10
2025-01-04,783,1,10
2025-01-04,344,1,72
2025-01-04,648,2,129
2025-01-04,1141,1,365
2025-01-04,51,2,89
2025-01-04,230,1,255
2025-01-04,338,1,84
2025-01-04,1255,1,69
2025-01-04,511,1,112
2025-01-04,1649,1,10
2025-01-04,51,1,89
2025-01-04,1708,1,50
2025-01-04,1509,1,50
2025-01-04,1513,1,35
2025-01-04,1496,1,40
2025-01-04,366,1,42
2025-01-04,1244,1,84
2025-01-04,296,1,33
2025-01-04,1905,1,70
2025-01-04,1098,1,90
2025-01-04,951,1,65
2025-01-04,952,1,123
2025-01-04,1810,1,12
2025-01-04,1309,2,70
2025-01-04,217,1,140
2025-01-04,1799,1,25
2025-01-04,1235,1,36
2025-01-04,1800,1,43
2025-01-04,1802,1,40
2025-01-04,722,1,38
2025-01-04,1648,1,137
2025-01-04,68,1,83
2025-01-04,219,1,21
2025-01-04,220,1,34
2025-01-04,51,1,89
2025-01-04,951,1,65
2025-01-04,217,1,140
2025-01-04,1327,1,365
2025-01-04,1235,1,135
2025-01-04,51,1,89
2025-01-04,1810,2,12
2025-01-04,1377,1,185
2025-01-04,1153,1,138
2025-01-04,1805,1,20
2025-01-04,400,1,48
2025-01-04,1227,1,28
2025-01-04,300,1,89
2025-01-04,225,1,70
2025-01-04,737,1,198
2025-01-04,238,1,102
2025-01-04,3209,1,50
2025-01-04,51,2,89
2025-01-04,3194,1,126
2025-01-04,1184,1,7
2025-01-04,1714,1,67
2025-01-04,1802,1,40
2025-01-04,561,1,110
2025-01-04,1826,1,75
2025-01-04,434,1,189
2025-01-04,1598,1,68
2025-01-04,1423,1,173
2025-01-04,1809,1,37
2025-01-04,946,1,80
2025-01-04,1810,4,12
2025-01-04,36,1,44
2025-01-04,1248,2,5
2025-01-04,1809,1,37
2025-01-04,1398,2,82
2025-01-04,542,1,23
2025-01-04,225,1,70
2025-01-04,227,1,118
2025-01-04,1165,1,5
2025-01-04,1604,1,45
2025-01-04,1449,1,35
2025-01-04,1498,1,28
2025-01-04,688,1,58
2025-01-04,1507,1,104
2025-01-04,1392,1,146
2025-01-04,1291,1,40
2025-01-04,1889,1,55
2025-01-04,1204,1,28
2025-01-04,3169,1,31
2025-01-04,335,1,25
2025-01-05,1309,1,70
2025-01-05,106,1,58
2025-01-05,1291,1,40
2025-01-05,1556,1,99
2025-01-05,1017,1,108
2025-01-05,255,1,76
2025-01-05,3148,1,17
2025-01-05,3154,1,17
2025-01-05,1802,1,40
2025-01-05,1797,1,48
2025-01-05,1574,1,95
2025-01-05,925,1,38
2025-01-05,1802,1,40
2025-01-05,1802,1,40
2025-01-05,126,1,57
2025-01-05,525,1,45
2025-01-05,1802,1,40
2025-01-05,1723,1,42
2025-01-05,3160,1,115
2025-01-05,1152,1,137
2025-01-05,1801,1,43
2025-01-05,1446,1,40
2025-01-05,3160,1,115
2025-01-05,1803,1,48
2025-01-05,1676,1,65
2025-01-05,1476,1,56
2025-01-05,1797,1,48
2025-01-05,191,1,20
2025-01-05,179,1,143
2025-01-05,1798,1,28
2025-01-05,1802,1,40
2025-01-05,1796,2,42
2025-01-05,1397,1,95
2025-01-05,1231,1,24
2025-01-05,353,1,25
2025-01-05,775,1,39
2025-01-05,260,2,38
2025-01-05,1437,1,65
2025-01-05,980,1,72
2025-01-05,366,1,42
2025-01-05,277,1,89
2025-01-05,1810,2,12
2025-01-05,1800,1,43
2025-01-05,440,1,83
2025-01-05,1339,1,34
2025-01-05,1852,1,109
2025-01-05,1890,1,80
2025-01-05,1095,1,88
2025-01-05,1637,1,42
2025-01-05,576,1,186
2025-01-05,1235,1,36
2025-01-05,3183,1,165
2025-01-05,1282,1,87
2025-01-05,189,1,126
2025-01-05,464,1,220
2025-01-05,3163,1,170
2025-01-05,301,2,45
2025-01-05,1726,2,62
2025-01-05,552,6,5
2025-01-05,1882,1,122
2025-01-05,181,1,133
2025-01-05,390,1,125
2025-01-05,538,1,50
2025-01-05,3166,1,190
2025-01-05,1037,1,110
2025-01-05,3200,1,198
2025-01-05,427,2,59
2025-01-05,428,1,42
2025-01-05,1130,1,150
2025-01-05,492,1,165
2025-01-05,348,1,260
2025-01-05,1798,1,28
2025-01-05,1797,1,48
2025-01-05,1437,1,65
2025-01-05,33,1,62
2025-01-05,459,1,104
2025-01-05,1356,1,172
2025-01-05,736,1,64
2025-01-05,705,1,35
2025-01-05,1225,2,20
2025-01-05,328,2,25
2025-01-05,905,2,26
2025-01-05,1309,1,70
2025-01-05,1810,1,12
2025-01-05,1532,1,39
2025-01-05,472,1,20
2025-01-05,1576,2,50
2025-01-05,1197,1,50
2025-01-05,2418,3,10
2025-01-05,1255,1,69
2025-01-05,35,1,100
2025-01-05,1197,1,50
2025-01-06,1584,1,95
2025-01-06,1573,1,95
2025-01-06,1309,1,70
2025-01-06,1820,1,65
2025-01-06,971,1,70
2025-01-06,352,1,28
2025-01-06,1278,1,65
2025-01-06,508,1,58
2025-01-06,579,1,59
2025-01-06,374,1,90
2025-01-06,1255,1,69
2025-01-06,1248,1,5
2025-01-06,1660,1,20
2025-01-06,1578,1,65
2025-01-06,721,1,37
2025-01-06,951,1,65
2025-01-06,717,1,273
2025-01-06,1810,1,12
2025-01-06,1905,1,70
2025-01-06,1721,1,14
2025-01-06,2418,1,10
2025-01-06,783,1,10
2025-01-06,1184,1,7
2025-01-06,205,1,92
2025-01-06,217,2,140
2025-01-06,1805,2,20
2025-01-06,1805,1,20
2025-01-06,1761,1,65
2025-01-06,1437,1,65
2025-01-06,1810,2,12
2025-01-06,113,1,113
2025-01-06,417,1,48
2025-01-06,440,1,83
2025-01-06,2094,3,18
2025-01-06,719,2,12
2025-01-06,1798,1,28
2025-01-06,1576,2,50
2025-01-06,30,1,210
2025-01-06,1014,5,52
2025-01-06,295,1,134
2025-01-06,1905,1,70
2025-01-06,1458,1,95
2025-01-06,1573,1,95
2025-01-06,1798,1,28
2025-01-06,1810,1,12
2025-01-06,1732,1,95
2025-01-06,193,1,117
2025-01-06,470,1,300
2025-01-06,1423,1,173
2025-01-06,1420,4,45
2025-01-06,1419,1,226
2025-01-06,51,1,89
2025-01-06,387,1,80
2025-01-06,1333,1,132
2025-01-06,1800,1,43
2025-01-06,1712,1,92
2025-01-06,718,2,35
2025-01-06,719,4,12
2025-01-06,1810,4,12
2025-01-06,388,1,80
2025-01-06,719,1,12
2025-01-06,1377,1,185
2025-01-06,1826,1,75
2025-01-06,586,1,92
2025-01-06,459,1,104
2025-01-06,1141,1,365
2025-01-06,1678,1,80
2025-01-06,1152,1,137
2025-01-06,380,1,95
2025-01-06,226,1,118
2025-01-06,1169,1,25
2025-01-06,1826,2,75
2025-01-06,1258,1,49
2025-01-06,33,1,62
2025-01-06,138,1,80
2025-01-06,1708,1,50
2025-01-06,1724,1,80
2025-01-06,684,1,65
2025-01-06,2094,1,18
2025-01-06,1800,1,43
2025-01-06,719,1,12
2025-01-06,1649,1,10
2025-01-06,434,1,189
2025-01-06,1826,1,75
2025-01-06,301,1,45
2025-01-06,1800,1,43
2025-01-06,1797,1,48
2025-01-06,1799,1,25
2025-01-06,1800,1,43
2025-01-06,1080,1,105
2025-01-06,1132,1,88
2025-01-06,132,1,118
2025-01-06,69,1,126
2025-01-06,888,1,17
2025-01-06,238,1,102
2025-01-06,793,17,1
2025-01-06,1800,1,43
2025-01-06,1890,1,80
2025-01-06,394,1,136
2025-01-06,1756,1,32
2025-01-06,915,1,28
2025-01-06,1402,1,220
2025-01-06,1327,1,365
2025-01-06,1437,2,65
2025-01-06,588,1,120
2025-01-06,1797,1,48
2025-01-06,1801,1,43
2025-01-06,20,1,237
2025-01-06,1447,1,65
2025-01-06,1284,1,94
2025-01-06,1769,1,45
2025-01-06,28,1,40
2025-01-06,1488,1,35
2025-01-06,1649,2,10
2025-01-06,1584,1,95
2025-01-06,974,1,82
2025-01-06,24,1,88
2025-01-06,948,1,58
2025-01-06,1569,1,95
2025-01-06,227,1,118
2025-01-06,1769,2,45
2025-01-06,1312,1,214
2025-01-06,3186,1,105
2025-01-06,1810,1,12
2025-01-06,1596,1,68
2025-01-06,215,1,167
2025-01-06,588,1,120
2025-01-06,633,1,38
2025-01-06,460,1,72
2025-01-06,1294,1,40
2025-01-06,217,1,140
2025-01-06,260,2,38
2025-01-06,1810,1,12
2025-01-06,126,1,57
2025-01-06,217,1,140
2025-01-06,809,1,81
2025-01-06,1152,1,137
2025-01-06,1649,1,200
2025-01-06,1810,2,12
2025-01-06,1138,2,48
2025-01-06,775,1,39
2025-01-06,726,1,135
2025-01-06,1800,1,43
2025-01-06,1085,1,244
2025-01-06,1314,1,36
2025-01-06,614,1,92
2025-01-06,1165,2,5
2025-01-06,1811,1,280
2025-01-06,659,2,36
2025-01-06,1640,1,79
2025-01-06,1272,1,150
2025-01-06,552,2,5
2025-01-06,1705,1,80
2025-01-06,225,1,70
2025-01-06,1235,1,36
2025-01-06,1649,1,10
2025-01-06,1397,1,95
2025-01-06,370,1,31
2025-01-06,1255,1,69
2025-01-06,277,1,89
2025-01-06,205,1,92
2025-01-06,3153,1,88
2025-01-07,1309,1,70
2025-01-07,1165,1,5
2025-01-07,1309,1,70
2025-01-07,1446,1,40
2025-01-07,1816,5,3
2025-01-07,1165,4,5
2025-01-07,1109,1,67
2025-01-07,1134,1,120
2025-01-07,1890,1,80
2025-01-07,1694,1,85
2025-01-07,735,1,88
2025-01-07,1153,1,138
2025-01-07,1153,-1,138
2025-01-07,1808,1,85
2025-01-07,1808,1,85
2025-01-07,144,1,36
2025-01-07,225,3,70
2025-01-07,465,1,220
2025-01-07,1808,1,85
2025-01-07,552,2,5
2025-01-07,951,1,65
2025-01-07,1472,1,25
2025-01-07,1693,1,85
2025-01-07,217,1,140
2025-01-07,1810,3,12
2025-01-07,1798,2,28
2025-01-07,485,1,109
2025-01-07,1259,1,62
2025-01-07,780,1,135
2025-01-07,238,1,102
2025-01-07,277,1,89
2025-01-07,1158,1,65
2025-01-07,83,2,40
2025-01-07,559,1,108
2025-01-07,647,1,97
2025-01-07,536,1,65
2025-01-07,1796,1,42
2025-01-07,1705,2,80
2025-01-07,260,1,38
2025-01-07,448,1,61
2025-01-07,1802,1,40
2025-01-07,1808,1,85
2025-01-07,1578,1,65
2025-01-07,1419,1,226
2025-01-07,1694,1,85
2025-01-07,1507,1,104
2025-01-07,562,1,110
2025-01-07,541,1,63
2025-01-07,1996,1,100
2025-01-07,119,1,86
2025-01-07,278,1,79
2025-01-07,552,2,5
2025-01-07,366,1,42
2025-01-07,1774,1,65
2025-01-07,3101,1,491
2025-01-07,2803,1,273
2025-01-07,1309,1,70
2025-01-07,478,1,300
2025-01-07,1810,1,12
2025-01-07,1810,2,12
2025-01-07,1420,1,45
2025-01-07,1153,1,138
2025-01-07,1507,1,104
2025-01-07,366,3,42
2025-01-07,1309,1,70
2025-01-07,301,1,45
2025-01-07,1798,1,28
2025-01-07,1152,1,137
2025-01-07,562,1,110
2025-01-07,552,3,5
2025-01-07,2094,1,18
2025-01-07,1179,1,67
2025-01-07,1132,1,88
2025-01-07,81,1,64
2025-01-08,2094,1,18
2025-01-08,1905,1,70
2025-01-08,816,1,79
2025-01-08,1184,1,7
2025-01-08,1132,1,88
2025-01-08,1235,1,135
2025-01-08,1798,1,28
2025-01-08,1255,1,69
2025-01-08,1752,1,147
2025-01-08,793,4,1
2025-01-08,552,3,5
2025-01-08,1152,1,137
2025-01-08,680,1,86
2025-01-08,1848,10,85
2025-01-08,1805,2,20
2025-01-08,217,1,140
2025-01-08,29,1,146
2025-01-08,288,1,25
2025-01-08,1507,1,104
2025-01-08,1800,1,43
2025-01-08,1798,1,28
2025-01-08,719,1,12
2025-01-08,1798,1,28
2025-01-08,1802,2,40
2025-01-08,680,1,86
2025-01-08,3200,1,198
2025-01-08,1636,1,133
2025-01-08,383,1,200
2025-01-08,1001,1,239
2025-01-08,1826,1,75
2025-01-08,590,1,95
2025-01-08,1816,2,3
2025-01-08,81,1,64
2025-01-08,552,1,5
2025-01-08,2094,1,18
2025-01-08,1453,1,42
2025-01-08,379,1,92
2025-01-08,753,1,67
2025-01-08,650,1,86
2025-01-08,1803,1,48
2025-01-08,1649,2,10
2025-01-08,2094,1,18
2025-01-08,1810,1,12
2025-01-08,1649,3,10
2025-01-08,1272,1,150
2025-01-08,1272,9,150
2025-01-08,238,2,102
2025-01-08,217,1,140
2025-01-08,1814,1,26
2025-01-08,1802,1,40
2025-01-08,1798,1,28
2025-01-08,1751,1,148
2025-01-08,674,1,103
2025-01-08,849,1,88
2025-01-08,1798,1,28
2025-01-08,1576,1,50
2025-01-08,1398,2,82
2025-01-08,951,1,65
2025-01-08,1308,1,27
2025-01-08,1254,1,102
2025-01-08,1255,1,69
2025-01-08,849,1,88
2025-01-08,867,1,17
2025-01-08,277,1,89
2025-01-08,1255,1,69
2025-01-08,217,1,140
2025-01-08,1204,4,28
2025-01-08,812,1,117
2025-01-08,893,1,17
2025-01-08,865,1,17
2025-01-08,1254,-1,102
2025-01-08,1255,1,69
2025-01-08,1507,1,104
2025-01-08,1051,1,91
2025-01-08,562,1,110
2025-01-08,1800,1,43
2025-01-08,217,1,140
2025-01-08,1309,1,70
2025-01-08,980,1,72
2025-01-08,217,1,140
2025-01-08,1520,1,50
2025-01-08,1803,1,48
2025-01-09,1422,6,97
2025-01-09,561,1,110
2025-01-09,1809,1,37
2025-01-09,1145,1,209
2025-01-09,1554,1,99
2025-01-09,1145,1,209
2025-01-09,365,2,12
2025-01-09,1507,1,104
2025-01-09,697,1,100
2025-01-09,1802,1,40
2025-01-09,1552,1,99
2025-01-09,2418,2,10
2025-01-09,1649,1,10
2025-01-09,783,1,10
2025-01-09,277,1,89
2025-01-09,1800,1,43
2025-01-09,806,1,33
2025-01-09,1798,1,28
2025-01-09,296,1,33
2025-01-09,1553,1,99
2025-01-09,1309,1,70
2025-01-09,1152,1,137
2025-01-09,737,1,198
2025-01-09,1155,1,84
2025-01-09,543,1,165
2025-01-09,414,1,22
2025-01-09,1747,1,105
2025-01-09,213,1,88
2025-01-09,1800,1,43
2025-01-09,1288,1,40
2025-01-09,581,1,25
2025-01-09,1803,1,48
2025-01-09,1021,1,112
2025-01-09,997,1,149
2025-01-09,1437,1,65
2025-01-09,579,1,59
2025-01-09,1153,1,138
2025-01-09,105,1,260
2025-01-09,34,1,65
2025-01-09,1211,2,28
2025-01-09,1649,2,10
2025-01-09,225,1,70
2025-01-09,1800,1,43
2025-01-09,1028,1,23
2025-01-09,1426,1,25
2025-01-09,13,1,40
2025-01-09,656,1,50
2025-01-09,1255,1,69
2025-01-09,1795,1,126
2025-01-09,295,1,134
2025-01-09,1518,1,49
2025-01-09,1308,2,27
2025-01-09,1726,1,62
2025-01-09,1309,1,70
2025-01-09,68,1,83
2025-01-09,434,1,189
2025-01-09,1538,1,26
2025-01-09,1498,1,28
2025-01-09,1473,3,20
2025-01-09,1799,1,25
2025-01-09,1800,1,43
2025-01-09,1799,1,25
2025-01-09,1713,1,112
2025-01-09,1808,1,85
2025-01-09,1610,1,45
2025-01-09,1800,1,43
2025-01-09,1799,1,25
2025-01-09,1152,1,137
2025-01-09,462,1,71
2025-01-09,1757,1,112
2025-01-09,105,1,260
2025-01-09,234,1,40
2025-01-09,1225,1,20
2025-01-09,967,1,65
2025-01-09,1437,1,65
2025-01-09,1810,1,12
2025-01-09,216,1,15
2025-01-09,301,1,45
2025-01-09,1507,1,104
2025-01-09,1810,3,12
2025-01-09,719,3,12
2025-01-09,1255,1,69
2025-01-09,1309,1,70
2025-01-09,1255,1,69
2025-01-09,1798,1,28
2025-01-09,1476,1,56
2025-01-09,103,1,50
2025-01-09,1292,1,37
2025-01-09,51,1,89
2025-01-09,51,1,89
2025-01-09,980,1,72
2025-01-09,3170,1,31
2025-01-09,370,1,31
2025-01-09,1349,1,45
2025-01-09,1028,1,23
2025-01-09,1247,1,45
2025-01-09,1247,1,45
2025-01-09,1255,1,69
2025-01-09,1673,1,300
2025-01-09,1080,1,105
2025-01-09,51,1,89
2025-01-09,3141,1,122
2025-01-09,1283,1,99
2025-01-09,719,5,12
2025-01-09,1800,1,43
2025-01-09,1235,1,36
2025-01-09,686,1,95
2025-01-09,1255,1,69
2025-01-09,1184,1,7
2025-01-09,738,1,65
2025-01-09,3164,1,40
2025-01-09,1145,1,209
2025-01-09,1398,1,82
2025-01-09,1255,1,69
2025-01-09,552,2,5
2025-01-09,767,1,100
2025-01-09,380,2,95
2025-01-09,946,1,80
2025-01-09,719,1,12
2025-01-09,1309,1,70
2025-01-09,51,1,89
2025-01-09,301,1,45
2025-01-09,37,1,32
2025-01-09,1158,1,65
2025-01-09,1397,1,95
2025-01-09,1152,2,137
2025-01-09,36,1,44
2025-01-09,199,1,39
2025-01-09,754,1,150
2025-01-09,86,1,110
2025-01-09,1412,1,58
2025-01-09,1090,1,49
2025-01-09,1309,1,70
2025-01-09,1702,1,83
2025-01-09,1141,1,365
2025-01-09,1663,1,176
2025-01-09,1164,1,75
2025-01-09,1795,1,126
2025-01-09,760,1,132
2025-01-09,890,1,80
2025-01-09,760,1,132
2025-01-09,1272,2,150
2025-01-09,365,1,12
2025-01-09,1184,1,7
2025-01-09,1255,1,69
2025-01-09,472,1,20
2025-01-09,1397,1,95
2025-01-09,1498,1,28
2025-01-09,29,1,146
2025-01-09,1262,1,42
2025-01-09,1713,1,112
2025-01-09,726,1,135
2025-01-09,1237,1,72
2025-01-09,1798,1,28
2025-01-09,296,1,35
2025-01-09,2094,1,18
2025-01-09,947,1,85
2025-01-09,1507,1,104
2025-01-09,881,1,17
2025-01-09,869,1,17
2025-01-09,1797,1,48
2025-01-09,791,2,182
2025-01-09,719,1,12
2025-01-09,434,1,189
2025-01-09,1799,1,25
2025-01-09,1289,1,40
2025-01-09,830,1,97
2025-01-09,1255,1,69
2025-01-10,728,1,182
2025-01-10,1802,1,40
2025-01-10,552,1,5
2025-01-10,1816,1,3
2025-01-10,1798,1,28
2025-01-10,82,1,153
2025-01-10,379,1,92
2025-01-10,301,1,45
2025-01-10,1705,1,80
2025-01-10,1153,1,138
2025-01-10,1153,1,138
2025-01-10,1802,1,40
2025-01-10,1798,1,28
2025-01-10,719,1,12
2025-01-10,1813,2,22
2025-01-10,1745,1,95
2025-01-10,1826,1,75
2025-01-10,585,1,82
2025-01-10,51,2,89
2025-01-10,543,1,165
2025-01-10,3146,1,13
2025-01-10,1649,3,10
2025-01-10,67,1,10
2025-01-10,997,1,149
2025-01-10,1067,1,182
2025-01-10,172,1,162
2025-01-10,1810,3,12
2025-01-10,552,2,5
2025-01-10,1649,2,10
2025-01-10,1235,1,36
2025-01-10,1452,1,89
2025-01-10,1495,1,30
2025-01-10,188,1,230
2025-01-10,1231,1,24
2025-01-10,1220,1,20
2025-01-10,2197,1,107
2025-01-10,434,1,189
2025-01-10,1680,1,74
2025-01-10,1255,1,69
2025-01-10,1591,1,68
2025-01-10,1097,1,30
2025-01-10,1810,1,12
2025-01-10,1225,1,20
2025-01-10,671,1,15
2025-01-10,95,1,75
2025-01-10,1802,1,40
2025-01-10,719,1,12
2025-01-10,729,2,92
2025-01-10,3186,2,105
2025-01-10,1133,2,133
2025-01-10,561,1,110
2025-01-10,1713,2,112
2025-01-10,946,3,80
2025-01-10,1596,1,68
2025-01-10,753,2,67
2025-01-10,1051,1,91
2025-01-10,1799,1,25
2025-01-10,1235,1,135
2025-01-10,689,1,70
2025-01-10,912,2,28
2025-01-10,128,1,68
2025-01-10,1590,1,68
2025-01-10,1179,3,67
2025-01-10,107,1,20
2025-01-10,1569,1,95
2025-01-10,1556,2,99
2025-01-10,217,1,140
2025-01-10,295,1,134
2025-01-10,1284,1,94
2025-01-10,1802,1,40
2025-01-10,1809,1,37
2025-01-10,1800,1,43
2025-01-10,191,1,20
2025-01-10,1800,1,43
2025-01-10,1798,2,28
2025-01-10,1800,1,43
2025-01-10,1802,11,40
2025-01-10,1803,2,48
2025-01-10,1800,2,43
2025-01-10,1799,11,25
2025-01-10,3116,12,22
2025-01-10,1813,3,22
2025-01-10,1809,1,37
2025-01-10,3147,1,17
2025-01-10,880,1,17
2025-01-10,1309,1,70
2025-01-10,1575,1,97
2025-01-11,227,1,118
2025-01-11,1068,1,42
2025-01-11,1309,1,70
2025-01-11,562,1,110
2025-01-11,307,1,43
2025-01-11,308,1,43
2025-01-11,1225,1,20
2025-01-11,28,1,40
2025-01-11,3162,1,175
2025-01-11,1423,1,173
2025-01-11,1184,1,7
2025-01-11,1802,2,40
2025-01-11,1090,1,49
2025-01-11,217,1,140
2025-01-11,760,2,132
2025-01-11,3224,1,22
2025-01-11,1509,1,50
2025-01-11,1803,1,48
2025-01-11,1649,1,10
2025-01-11,1120,2,20
2025-01-11,28,1,40
2025-01-11,1235,1,135
2025-01-11,680,1,86
2025-01-11,1709,1,20
2025-01-11,1810,1,12
2025-01-11,1802,1,40
2025-01-11,1801,1,43
2025-01-11,1713,1,112
2025-01-11,1642,2,52
2025-01-11,51,3,89
2025-01-11,1184,1,7
2025-01-11,1244,1,84
2025-01-11,1800,1,43
2025-01-11,682,2,6
2025-01-11,448,1,61
2025-01-11,1592,1,68
2025-01-11,1531,1,50
2025-01-11,1235,2,36
2025-01-11,1799,4,25
2025-01-11,169,1,80
2025-01-11,804,1,95
2025-01-11,1272,1,150
2025-01-11,726,1,135
2025-01-11,552,2,5
2025-01-11,1606,1,45
2025-01-11,332,2,65
2025-01-11,465,1,220
2025-01-11,1114,1,23
2025-01-11,225,1,70
2025-01-11,1798,1,28
2025-01-11,1541,1,58
2025-01-11,1235,1,36
2025-01-11,1648,1,137
2025-01-11,1532,1,39
2025-01-11,1507,1,104
2025-01-11,1101,2,70
2025-01-11,377,1,85
2025-01-11,217,1,140
2025-01-11,217,2,140
2025-01-11,344,1,72
2025-01-11,722,1,38
2025-01-11,1255,1,69
2025-01-11,714,1,50
2025-01-11,1810,1,12
2025-01-11,719,1,12
2025-01-11,3211,1,50
2025-01-11,3212,1,50
2025-01-11,3208,1,50
2025-01-11,3209,1,50
2025-01-11,832,1,106
2025-01-11,1800,2,43
2025-01-11,1803,1,48
2025-01-11,719,1,12
2025-01-11,970,2,86
2025-01-11,52,1,85
2025-01-11,1284,1,94
2025-01-11,1398,1,82
2025-01-11,1706,1,65
2025-01-11,1255,1,69
2025-01-11,51,2,89
2025-01-11,719,1,12
2025-01-11,1802,1,40
2025-01-11,336,1,78
2025-01-11,217,3,140
2025-01-11,767,1,100
2025-01-11,1145,1,209
2025-01-11,1235,1,135
2025-01-11,103,1,50
2025-01-11,1072,1,40
2025-01-11,1072,1,40
2025-01-11,51,1,89
2025-01-11,81,1,64
2025-01-11,139,1,96
2025-01-11,1255,1,69
2025-01-11,1235,1,36
2025-01-11,1800,1,43
2025-01-11,1531,1,50
2025-01-11,1801,1,43
2025-01-11,1802,1,40
2025-01-11,1672,1,198
2025-01-11,545,1,72
2025-01-11,1649,8,10
2025-01-11,1801,1,43
2025-01-11,1797,1,48
2025-01-11,1248,1,5
2025-01-11,1333,1,132
2025-01-11,363,1,20
2025-01-11,980,2,72
2025-01-11,949,1,113
2025-01-11,370,1,31
2025-01-11,217,2,140
2025-01-11,718,1,35
2025-01-11,1800,2,43
2025-01-11,718,1,35
2025-01-11,1800,1,43
2025-01-11,1235,1,135
2025-01-11,1132,1,88
2025-01-11,255,1,76
2025-01-11,1507,1,104
2025-01-11,308,1,43
2025-01-11,719,1,12
2025-01-11,1255,1,69
2025-01-11,1255,1,69
2025-01-11,510,1,70
2025-01-11,552,5,5
2025-01-11,1165,5,5
2025-01-11,937,2,30
2025-01-11,1165,2,5
2025-01-11,460,1,72
2025-01-11,1184,1,7
2025-01-11,1802,1,40
2025-01-11,1337,1,17
2025-01-11,1801,1,43
2025-01-11,727,1,140
2025-01-11,1255,3,69
2025-01-11,1294,1,40
2025-01-11,555,1,38
2025-01-11,1797,2,48
2025-01-11,1801,3,43
2025-01-11,1809,2,37
2025-01-11,1796,2,42
2025-01-11,1802,1,40
2025-01-11,51,1,89
2025-01-11,1114,1,23
2025-01-11,3135,1,108
2025-01-11,693,1,92
2025-01-11,1024,2,32
2025-01-11,2094,1,18
2025-01-12,686,1,95
2025-01-12,29,1,146
2025-01-12,52,1,85
2025-01-12,1244,1,84
2025-01-12,647,1,97
2025-01-12,1255,1,69
2025-01-12,3146,1,13
2025-01-12,3146,1,15
2025-01-12,1364,1,125
2025-01-12,1312,2,214
2025-01-12,561,1,110
2025-01-12,1184,1,7
2025-01-12,217,1,140
2025-01-12,1802,1,40
2025-01-12,1810,1,12
2025-01-12,125,1,104
2025-01-12,421,1,22
2025-01-12,1802,1,40
2025-01-12,3225,1,59
2025-01-12,667,1,130
2025-01-12,1814,1,26
2025-01-12,93,1,75
2025-01-12,1676,1,65
2025-01-12,1255,1,69
2025-01-12,1184,1,7
2025-01-12,1247,1,45
2025-01-12,1723,1,42
2025-01-12,13,1,40
2025-01-12,767,1,100
2025-01-12,56,1,140
2025-01-12,1259,1,62
2025-01-12,1289,1,40
2025-01-12,1309,2,70
2025-01-12,2197,1,107
2025-01-12,1423,1,173
2025-01-12,719,1,12
2025-01-12,309,1,75
2025-01-12,1797,1,48
2025-01-12,309,1,75
2025-01-12,1184,2,7
2025-01-12,945,1,143
2025-01-12,1726,1,62
2025-01-12,1800,1,43
2025-01-12,1541,1,58
2025-01-12,485,1,109
2025-01-12,346,1,86
2025-01-12,1802,1,40
2025-01-12,1309,1,70
2025-01-12,1437,1,65
2025-01-12,948,1,58
2025-01-12,419,1,188
2025-01-12,1848,1,85
2025-01-12,225,1,70
2025-01-12,1840,1,15
2025-01-12,1882,1,122
2025-01-12,1309,1,70
2025-01-12,417,1,48
2025-01-12,1152,1,137
2025-01-12,1286,1,28
2025-01-12,1840,2,15
2025-01-12,466,1,220
2025-01-12,465,1,220
2025-01-12,1800,2,43
2025-01-12,3209,1,50
2025-01-12,1674,1,185
2025-01-12,200,1,90
2025-01-12,1050,1,168
2025-01-12,1626,1,25
2025-01-12,1398,1,82
2025-01-12,1418,1,450
2025-01-12,2094,1,18
2025-01-12,1255,1,69
2025-01-13,1802,1,40
2025-01-13,1224,1,32
2025-01-13,1312,1,214
2025-01-13,1671,1,143
2025-01-13,1158,1,65
2025-01-13,1255,1,69
2025-01-13,1072,2,40
2025-01-13,683,1,95
2025-01-13,1097,1,30
2025-01-13,1798,1,28
2025-01-13,1591,1,68
2025-01-13,2418,3,10
2025-01-13,51,1,89
2025-01-13,1649,1,10
2025-01-13,36,1,44
2025-01-13,1649,1,10
2025-01-13,1272,1,150
2025-01-13,1798,1,28
2025-01-13,1799,1,25
2025-01-13,1598,1,68
2025-01-13,513,1,42
2025-01-13,1244,1,84
2025-01-13,186,1,68
2025-01-13,1323,1,36
2025-01-13,1810,1,12
2025-01-13,945,1,143
2025-01-13,680,1,86
2025-01-13,1272,1,150
2025-01-13,1996,1,100
2025-01-13,767,1,100
2025-01-13,763,1,158
2025-01-13,434,1,189
2025-01-13,1827,2,65
2025-01-13,1420,2,45
2025-01-13,682,2,6
2025-01-13,1641,1,100
2025-01-13,1255,1,69
2025-01-13,3224,1,22
2025-01-13,1308,1,27
2025-01-13,366,1,42
2025-01-13,1446,1,40
2025-01-13,1097,1,30
2025-01-13,14,1,40
2025-01-13,1797,1,48
2025-01-13,587,1,76
2025-01-13,543,1,165
2025-01-13,1014,1,52
2025-01-13,242,1,27
2025-01-13,1810,2,12
2025-01-13,388,1,80
2025-01-13,1472,1,25
2025-01-13,217,1,140
2025-01-13,1068,1,42
2025-01-13,1312,1,214
2025-01-13,366,1,42
2025-01-13,1824,1,5
2025-01-13,85,1,40
2025-01-13,42,1,40
2025-01-13,30,1,210
2025-01-13,1349,1,45
2025-01-13,320,1,150
2025-01-13,240,1,128
2025-01-13,1637,1,42
2025-01-13,1806,1,20
2025-01-13,957,1,82
2025-01-13,1080,1,105
2025-01-13,214,2,80
2025-01-13,81,1,64
2025-01-13,3196,1,126
2025-01-13,218,1,245
2025-01-13,1517,1,42
2025-01-13,1134,2,120
2025-01-13,3208,1,50
2025-01-13,1221,1,25
2025-01-13,1152,1,137
2025-01-13,552,1,5
2025-01-13,1726,1,62
2025-01-13,1810,1,12
2025-01-13,1091,1,59
2025-01-13,542,1,23
2025-01-13,584,1,76
2025-01-13,1309,1,70
2025-01-13,1245,1,95
2025-01-13,1255,1,69
2025-01-13,1148,1,59
2025-01-13,33,1,62
2025-01-13,81,1,64
2025-01-13,68,1,83
2025-01-13,1826,1,75
2025-01-13,1081,1,121
2025-01-13,1156,1,105
2025-01-13,1813,1,22
2025-01-13,413,1,30
2025-01-13,1423,3,173
2025-01-13,3147,1,17
2025-01-13,556,1,48
2025-01-13,81,1,64
2025-01-13,648,1,129
2025-01-13,731,1,68
2025-01-13,225,1,70
2025-01-13,56,1,140
2025-01-13,338,1,84
2025-01-13,1255,1,69
2025-01-13,1426,1,25
2025-01-13,1184,4,7
2025-01-13,1713,2,112
2025-01-13,227,1,118
2025-01-13,1114,1,23
2025-01-13,780,1,135
2025-01-13,552,6,5
2025-01-13,2644,4,5
2025-01-13,1258,1,49
2025-01-13,3224,1,22
2025-01-13,51,1,89
2025-01-13,52,1,85
2025-01-13,3194,1,126
2025-01-13,1262,1,42
2025-01-13,278,1,79
2025-01-13,945,1,143
2025-01-13,366,1,42
2025-01-13,945,1,143
2025-01-13,1309,1,70
2025-01-13,1282,1,87
2025-01-13,1905,1,70
2025-01-13,767,1,100
2025-01-13,138,1,80
2025-01-13,1626,1,25
2025-01-13,1848,2,85
2025-01-13,1444,1,40
2025-01-13,1446,1,40
2025-01-13,1312,1,214
2025-01-13,838,2,65
2025-01-13,1155,1,84
2025-01-13,737,1,198
2025-01-13,1713,1,112
2025-01-13,107,5,20
2025-01-13,185,1,80
2025-01-13,334,1,25
2025-01-13,1529,1,30
2025-01-13,806,1,33
2025-01-13,1128,1,94
2025-01-13,1127,1,95
2025-01-13,3191,2,65
2025-01-13,13,1,40
2025-01-13,1810,1,12
2025-01-13,656,1,50
2025-01-13,1184,1,7
2025-01-13,1308,1,27
2025-01-13,1255,1,69
2025-01-13,910,1,38
2025-01-13,680,1,86
2025-01-13,3126,1,33
2025-01-13,271,1,123
2025-01-13,1637,1,42
2025-01-13,1028,1,23
2025-01-13,1315,1,42
2025-01-13,462,1,71
2025-01-13,1050,1,168
2025-01-13,1225,1,20
2025-01-13,1805,1,20
2025-01-13,225,1,70
2025-01-13,86,1,110
2025-01-13,939,1,26
2025-01-13,1255,2,69
2025-01-13,1363,1,116
2025-01-13,1802,1,40
2025-01-13,535,1,23
2025-01-13,1596,2,68
2025-01-13,417,1,48
2025-01-13,753,1,67
2025-01-13,1295,1,40
2025-01-13,67,1,10
2025-01-13,1810,4,12
2025-01-13,1797,1,48
2025-01-13,538,2,50
2025-01-13,954,1,59
2025-01-13,217,2,140
2025-01-13,1380,1,125
2025-01-13,946,1,80
2025-01-13,552,2,5
2025-01-13,1184,1,7
2025-01-13,1255,1,69
2025-01-13,1678,1,80
2025-01-13,1484,1,84
2025-01-13,83,1,40
2025-01-13,226,1,118
2025-01-13,1598,1,68
2025-01-13,1349,1,45
2025-01-13,83,1,40
2025-01-13,1245,1,95
2025-01-13,1244,1,84
2025-01-13,1810,1,12
2025-01-13,545,1,72
2025-01-13,1485,1,15
2025-01-13,1799,1,25
2025-01-13,1809,1,37
2025-01-13,1848,1,85
2025-01-13,727,1,140
2025-01-13,1327,1,365
2025-01-13,683,1,95
2025-01-13,51,1,89
2025-01-13,1598,1,68
2025-01-13,1592,1,68
2025-01-13,1810,3,12
2025-01-13,1797,1,48
2025-01-13,1225,1,20
2025-01-13,720,2,34
2025-01-13,1254,1,102
2025-01-13,217,1,140
2025-01-13,1799,1,25
2025-01-13,462,1,71
2025-01-14,686,1,95
2025-01-14,727,1,140
2025-01-14,1802,1,40
2025-01-14,1813,1,22
2025-01-14,1803,1,48
2025-01-14,1365,1,123
2025-01-14,1775,1,94
2025-01-14,1286,1,28
2025-01-14,1255,1,69
2025-01-14,1478,1,50
2025-01-14,225,1,70
2025-01-14,1756,1,32
2025-01-14,918,1,28
2025-01-14,912,1,28
2025-01-14,1714,3,67
2025-01-14,1714,-3,67
2025-01-14,3212,1,50
2025-01-14,369,1,50
2025-01-14,728,1,182
2025-01-14,83,1,40
2025-01-14,1858,1,35
2025-01-14,3171,1,125
2025-01-14,1218,1,28
2025-01-14,1573,1,95
2025-01-14,1806,1,20
2025-01-14,1810,1,12
2025-01-14,1312,1,214
2025-01-14,1453,2,42
2025-01-14,469,1,192
2025-01-14,1495,1,30
2025-01-14,1131,3,65
2025-01-14,1826,1,75
2025-01-14,366,1,42
2025-01-14,833,1,84
2025-01-14,1798,1,28
2025-01-14,1109,1,67
2025-01-14,1890,1,80
2025-01-14,226,1,118
2025-01-14,225,1,70
2025-01-14,616,1,130
2025-01-14,417,1,48
2025-01-14,217,1,140
2025-01-14,619,1,130
2025-01-14,1184,2,7
2025-01-14,1563,4,99
2025-01-14,1553,2,99
2025-01-14,943,1,85
2025-01-14,175,1,108
2025-01-14,719,1,15
2025-01-14,1826,2,75
2025-01-14,1255,2,69
2025-01-14,545,1,72
2025-01-14,727,1,140
2025-01-14,1495,1,30
2025-01-14,14,1,40
2025-01-14,736,1,64
2025-01-14,189,1,126
2025-01-14,1141,1,365
2025-01-14,3129,1,750
2025-01-14,1484,1,84
2025-01-14,1255,2,69
2025-01-14,188,1,230
2025-01-14,1534,1,35
2025-01-14,118,1,126
2025-01-14,1704,1,255
2025-01-14,1225,2,20
2025-01-14,742,1,48
2025-01-14,1590,1,68
2025-01-14,1598,1,68
2025-01-14,1294,2,40
2025-01-14,1289,1,40
2025-01-14,225,1,70
2025-01-14,460,1,72
2025-01-14,1144,1,155
2025-01-14,215,1,167
2025-01-14,1673,1,300
2025-01-14,29,1,146
2025-01-14,1058,1,130
2025-01-14,1576,1,50
2025-01-14,3135,1,108
2025-01-14,83,1,40
2025-01-14,221,1,20
2025-01-14,608,1,23
2025-01-14,868,1,17
2025-01-14,3147,1,17
2025-01-14,1321,1,18
2025-01-14,805,1,50
2025-01-14,719,2,15
2025-01-14,1426,1,25
2025-01-14,1708,1,50
2025-01-14,462,1,71
2025-01-14,454,1,330
2025-01-14,1272,2,150
2025-01-14,319,1,70
2025-01-14,1520,1,50
2025-01-14,123,2,25
2025-01-14,1796,1,42
2025-01-14,1810,1,12
2025-01-14,719,1,15
2025-01-14,1255,1,69
2025-01-14,1826,1,75
2025-01-14,227,1,118
2025-01-14,1284,1,94
2025-01-14,488,1,110
2025-01-14,1639,1,80
2025-01-14,1802,1,40
2025-01-14,1800,1,43
2025-01-14,366,1,42
2025-01-14,348,1,260
2025-01-14,871,1,17
2025-01-14,726,1,135
2025-01-14,1531,1,50
2025-01-14,1802,1,40
2025-01-14,1800,1,43
2025-01-14,1541,1,58
2025-01-14,1531,1,50
2025-01-14,1864,1,15
2025-01-14,138,1,80
2025-01-14,380,1,95
2025-01-14,1217,1,108
2025-01-14,1428,1,130
2025-01-14,387,1,80
2025-01-14,225,1,70
2025-01-14,719,1,15
2025-01-14,1678,1,80
2025-01-14,225,1,70
2025-01-14,1802,1,40
2025-01-14,217,1,140
2025-01-14,199,1,39
2025-01-14,683,1,95
2025-01-14,217,1,140
2025-01-14,743,1,80
2025-01-14,803,1,15
2025-01-14,1531,1,50
2025-01-14,1996,1,100
2025-01-14,1802,11,40
2025-01-14,1803,2,48
2025-01-14,1799,4,25
2025-01-14,1800,2,43
2025-01-14,3147,1,17
2025-01-14,871,1,17
2025-01-14,1538,1,26
2025-01-14,1800,1,43
2025-01-14,1309,1,70
2025-01-14,680,1,86
2025-01-14,1800,1,43
2025-01-14,1799,1,25
2025-01-14,1816,2,3
2025-01-14,684,1,65
2025-01-14,1255,1,69
2025-01-14,296,1,35
2025-01-14,1247,1,45
2025-01-14,1799,2,25
2025-01-14,1802,1,40
2025-01-14,718,1,35
2025-01-14,3116,1,22
2025-01-14,1255,1,69
2025-01-14,1827,1,65
2025-01-14,1802,1,40
2025-01-14,1798,1,28
2025-01-15,1225,1,20
2025-01-15,1694,1,85
2025-01-15,3169,1,31
2025-01-15,289,1,35
2025-01-15,1800,1,43
2025-01-15,1827,1,65
2025-01-15,138,1,80
2025-01-15,1004,2,100
2025-01-15,379,1,92
2025-01-15,1364,1,125
2025-01-15,467,1,220
2025-01-15,1803,3,48
2025-01-15,1798,2,28
2025-01-15,1799,1,25
2025-01-15,276,1,103
2025-01-15,1028,1,23
2025-01-15,1695,2,170
2025-01-15,1507,1,104
2025-01-15,336,1,78
2025-01-15,1442,1,20
2025-01-15,1473,1,20
2025-01-15,1802,2,40
2025-01-15,1802,1,40
2025-01-15,552,2,5
2025-01-15,1333,1,132
2025-01-15,719,1,15
2025-01-15,1030,1,58
2025-01-15,1165,2,5
2025-01-15,1678,1,80
2025-01-15,1747,1,105
2025-01-15,34,1,65
2025-01-15,755,1,28
2025-01-15,1756,1,32
2025-01-15,921,1,53
2025-01-15,937,1,30
2025-01-15,926,2,38
2025-01-15,754,1,150
2025-01-15,1476,1,56
2025-01-15,1472,1,25
2025-01-15,1726,1,62
2025-01-15,535,1,23
2025-01-15,751,1,49
2025-01-15,1226,1,28
2025-01-15,956,1,73
2025-01-15,1816,1,3
2025-01-15,1165,1,5
2025-01-15,1798,1,28
2025-01-15,1452,1,89
2025-01-15,683,1,95
2025-01-15,1165,1,5
2025-01-15,1816,1,3
2025-01-15,1798,2,28
2025-01-15,1569,1,95
2025-01-15,1581,1,95
2025-01-15,1649,1,10
2025-01-15,62,1,112
2025-01-15,81,1,64
2025-01-15,1514,2,42
2025-01-15,1452,1,89
2025-01-15,719,1,15
2025-01-15,1798,1,28
2025-01-15,576,1,190
2025-01-15,881,1,17
2025-01-15,1067,1,182
2025-01-15,1327,1,365
2025-01-15,719,1,15
2025-01-15,124,1,44
2025-01-15,1152,1,137
2025-01-15,559,1,108
2025-01-15,1333,1,132
2025-01-15,369,1,50
2025-01-15,119,1,86
2025-01-15,1442,1,20
2025-01-15,1090,1,49
2025-01-15,414,1,22
2025-01-15,3188,1,112
2025-01-15,1248,1,5
2025-01-15,1649,2,10
2025-01-15,552,3,5
2025-01-15,1165,2,5
2025-01-15,1816,2,3
2025-01-15,695,1,84
2025-01-15,696,1,79
2025-01-15,1446,1,40
2025-01-15,957,1,82
2025-01-15,1804,1,33
2025-01-15,1596,1,68
2025-01-15,1586,2,95
2025-01-15,1798,1,28
2025-01-15,1800,1,43
2025-01-15,1813,1,22
2025-01-15,1799,1,25
2025-01-15,719,3,15
2025-01-15,1826,1,75
2025-01-15,1551,1,99
2025-01-15,1494,1,58
2025-01-15,1626,1,25
2025-01-15,1802,1,40
2025-01-15,793,1,1
2025-01-15,1153,1,138
2025-01-15,1231,1,24
2025-01-15,256,1,10
2025-01-15,1309,1,70
2025-01-15,1099,1,60
2025-01-15,51,1,89
2025-01-15,1576,1,50
2025-01-15,1028,1,23
2025-01-15,3116,1,22
2025-01-15,719,1,15
2025-01-15,1848,12,85
2025-01-15,1272,1,150
2025-01-15,719,1,15
2025-01-15,1798,1,28
2025-01-15,1799,1,25
2025-01-15,51,1,89
2025-01-15,913,1,28
2025-01-15,767,1,100
2025-01-15,1799,5,25
2025-01-15,1802,2,40
2025-01-15,1800,1,43
2025-01-15,3154,1,17
2025-01-15,871,1,17
2025-01-15,3212,1,50
2025-01-15,1027,1,38
2025-01-15,719,1,15
2025-01-15,1099,1,60
2025-01-15,1184,1,7
2025-01-15,1800,1,43
2025-01-15,51,1,89
2025-01-15,1309,2,70
2025-01-15,81,1,64
2025-01-15,118,1,126
2025-01-15,2513,1,235
2025-01-15,1800,1,43
2025-01-15,970,1,86
2025-01-15,1224,1,32
2025-01-15,1380,1,125
2025-01-15,1380,1,125
2025-01-15,902,1,30
2025-01-15,1324,1,82
2025-01-15,1224,1,32
2025-01-15,1324,1,82
2025-01-15,181,2,133
2025-01-15,366,1,42
2025-01-15,191,2,20
2025-01-15,804,1,95
2025-01-15,1813,1,22
2025-01-15,1235,1,36
2025-01-15,417,1,48
2025-01-15,1108,1,47
2025-01-15,562,1,110
2025-01-15,1576,1,50
2025-01-15,1507,1,104
2025-01-15,107,1,20
2025-01-15,225,1,70
2025-01-15,3186,1,105
2025-01-15,3224,1,22
2025-01-15,1225,1,20
2025-01-15,1309,1,70
2025-01-15,1802,1,40
2025-01-15,1192,1,71
2025-01-15,866,1,17
2025-01-15,1810,1,12
2025-01-15,1184,2,7
2025-01-15,334,1,25
2025-01-15,1802,1,40
2025-01-15,951,1,65
2025-01-15,191,1,20
2025-01-15,438,1,72
2025-01-15,1152,1,137
2025-01-15,51,1,89
2025-01-15,1810,1,12
2025-01-15,1800,1,43
2025-01-15,1247,1,45
2025-01-15,591,1,55
2025-01-15,860,1,17
2025-01-15,865,1,17
2025-01-15,1114,1,23
2025-01-15,1802,1,40
2025-01-15,1809,1,37
2025-01-15,1552,1,99
2025-01-15,1272,1,150
2025-01-15,719,1,15
2025-01-15,295,1,140
2025-01-15,1799,1,25
2025-01-16,686,1,95
2025-01-16,650,1,86
2025-01-16,871,1,17
2025-01-16,861,1,17
2025-01-16,864,1,17
2025-01-16,859,1,17
2025-01-16,1072,1,40
2025-01-16,1325,1,76
2025-01-16,741,1,24
2025-01-16,1799,1,25
2025-01-16,592,1,68
2025-01-16,217,1,144
2025-01-16,1197,1,50
2025-01-16,442,1,90
2025-01-16,440,1,83
2025-01-17,684,1,65
2025-01-17,980,1,72
2025-01-17,1441,1,80
2025-01-17,1565,1,95
2025-01-17,719,1,15
2025-01-17,217,1,144
2025-01-17,1871,1,144
2025-01-17,11,1,85
2025-01-17,242,1,27
2025-01-17,1072,1,40
2025-01-17,1650,2,94
2025-01-17,1184,1,7
2025-01-17,1810,1,12
2025-01-17,552,4,5
2025-01-17,1810,1,12
2025-01-17,838,1,65
2025-01-17,217,1,144
2025-01-17,1569,1,95
2025-01-17,237,1,14
2025-01-17,719,1,15
2025-01-17,559,1,108
2025-01-17,1205,1,45
2025-01-17,960,1,35
2025-01-17,958,1,35
2025-01-17,1552,1,99
2025-01-17,695,1,84
2025-01-17,217,4,144
2025-01-17,719,1,15
2025-01-17,1626,2,25
2025-01-17,800,1,40
2025-01-17,1333,1,132
2025-01-17,954,2,59
2025-01-17,1626,1,25
2025-01-17,394,1,136
2025-01-17,1001,1,239
2025-01-17,189,1,126
2025-01-17,902,1,30
2025-01-17,1826,2,75
2025-01-17,1184,3,7
2025-01-17,242,1,27
2025-01-17,1386,1,178
2025-01-17,107,1,20
2025-01-17,1024,1,32
2025-01-17,1262,1,42
2025-01-17,1804,2,33
2025-01-17,3116,1,22
2025-01-17,1810,1,12
2025-01-17,1447,1,65
2025-01-17,1805,1,20
2025-01-17,1152,1,137
2025-01-17,1087,1,70
2025-01-17,1030,1,58
2025-01-17,1350,1,85
2025-01-17,1083,1,335
2025-01-17,1272,2,150
2025-01-17,1566,1,95
2025-01-17,1640,1,79
2025-01-17,1810,1,12
2025-01-17,719,2,15
2025-01-17,1803,1,48
2025-01-17,719,2,15
2025-01-17,1050,1,168
2025-01-17,1131,1,65
2025-01-17,1129,1,74
2025-01-17,3135,1,108
2025-01-17,1807,1,70
2025-01-17,1415,1,210
2025-01-17,227,1,118
2025-01-17,948,1,58
2025-01-17,1255,1,69
2025-01-17,1258,1,49
2025-01-17,1132,1,88
2025-01-17,1810,1,12
2025-01-17,736,1,64
2025-01-17,1798,1,28
2025-01-17,718,1,35
2025-01-17,36,1,44
2025-01-17,1090,1,49
2025-01-17,910,1,38
2025-01-17,217,1,144
2025-01-17,111,1,20
2025-01-17,1114,1,23
2025-01-17,1811,1,280
2025-01-17,1598,1,68
2025-01-17,1800,1,43
2025-01-17,368,2,50
2025-01-17,807,1,86
2025-01-17,1799,2,25
2025-01-17,1694,2,85
2025-01-17,1714,1,67
2025-01-17,366,1,42
2025-01-17,1810,2,12
2025-01-17,3189,1,55
2025-01-17,1799,1,25
2025-01-17,217,1,144
2025-01-17,1714,1,67
2025-01-17,51,2,89
2025-01-17,541,1,63
2025-01-17,535,1,23
2025-01-17,1309,1,70
2025-01-17,1802,1,40
2025-01-17,1810,1,12
2025-01-17,1539,1,42
2025-01-17,30,1,210
2025-01-17,525,1,45
2025-01-17,526,1,45
2025-01-17,1255,2,69
2025-01-17,1309,1,70
2025-01-17,974,1,82
2025-01-17,1802,1,40
2025-01-17,1507,1,104
2025-01-17,1802,19,40
2025-01-17,1803,3,48
2025-01-17,1800,2,43
2025-01-17,1799,3,25
2025-01-17,1216,1,50
2025-01-17,1611,1,78
2025-01-17,1255,1,69
2025-01-17,51,2,89
2025-01-17,1834,1,6
2025-01-17,51,1,89
2025-01-17,1604,1,45
2025-01-17,1484,1,84
2025-01-17,242,2,27
2025-01-17,1397,1,95
2025-01-17,1090,1,49
2025-01-18,1592,1,68
2025-01-18,1802,1,40
2025-01-18,1288,1,40
2025-01-18,1649,2,10
2025-01-18,1649,5,10
2025-01-18,1420,1,45
2025-01-18,1152,1,137
2025-01-18,704,1,71
2025-01-18,448,1,61
2025-01-18,1294,1,40
2025-01-18,1649,1,200
2025-01-18,895,1,28
2025-01-18,301,1,45
2025-01-18,1235,1,135
2025-01-18,1569,1,95
2025-01-18,1398,1,82
2025-01-18,1507,1,104
2025-01-18,1649,2,10
2025-01-18,1802,1,40
2025-01-18,1598,1,68
2025-01-18,1051,1,91
2025-01-18,172,1,162
2025-01-18,1665,1,75
2025-01-18,1049,1,78
2025-01-18,484,1,121
2025-01-18,719,1,15
2025-01-18,1291,1,40
2025-01-18,103,1,50
2025-01-18,1288,1,40
2025-01-18,90,1,45
2025-01-18,1126,1,180
2025-01-18,277,1,89
2025-01-18,1397,1,95
2025-01-18,217,1,144
2025-01-18,1132,2,88
2025-01-18,2094,1,18
2025-01-18,308,1,43
2025-01-18,1839,2,45
2025-01-18,1309,2,70
2025-01-18,1649,2,10
2025-01-18,380,1,95
2025-01-18,194,1,81
2025-01-18,602,1,77
2025-01-18,176,1,307
2025-01-18,838,1,65
2025-01-18,407,1,65
2025-01-18,659,2,36
2025-01-18,1152,1,137
2025-01-18,186,1,68
2025-01-18,488,1,110
2025-01-18,825,1,82
2025-01-18,1802,1,40
2025-01-18,384,1,107
2025-01-18,1312,1,214
2025-01-18,1249,1,177
2025-01-18,1152,1,137
2025-01-18,1138,1,48
2025-01-18,320,1,150
2025-01-18,1802,1,40
2025-01-18,226,1,118
2025-01-18,754,2,150
2025-01-18,785,1,95
2025-01-18,1267,1,95
2025-01-18,664,2,77
2025-01-18,344,1,72
2025-01-18,552,2,5
2025-01-18,217,1,144
2025-01-18,1623,2,57
2025-01-18,1508,1,80
2025-01-18,1153,1,138
2025-01-18,615,1,72
2025-01-18,217,1,144
2025-01-18,68,1,83
2025-01-18,1738,1,104
2025-01-18,754,1,150
2025-01-18,1484,1,84
2025-01-18,1132,6,88
2025-01-18,1474,1,118
2025-01-18,1905,1,70
2025-01-18,1802,2,40
2025-01-18,726,1,135
2025-01-18,217,1,144
2025-01-18,2094,2,18
2025-01-18,308,1,43
2025-01-18,719,2,15
2025-01-18,1802,1,40
2025-01-18,3202,1,28
2025-01-18,1398,1,82
2025-01-18,1799,1,25
2025-01-18,1810,1,12
2025-01-18,552,2,5
2025-01-18,1327,1,365
2025-01-18,1309,1,70
2025-01-18,1810,1,12
2025-01-18,1826,1,75
2025-01-18,1802,1,40
2025-01-18,1446,1,40
2025-01-18,1769,1,45
2025-01-18,1327,1,365
2025-01-18,1800,1,43
2025-01-18,1798,1,28
2025-01-18,719,2,15
2025-01-18,1611,1,78
2025-01-18,1539,1,42
2025-01-18,1309,1,70
2025-01-18,1507,1,104
2025-01-18,1810,2,12
2025-01-18,967,1,65
2025-01-18,217,1,144
2025-01-18,957,1,82
2025-01-18,719,1,15
2025-01-18,1596,2,68
2025-01-18,1802,1,40
2025-01-18,1803,1,48
2025-01-18,1905,1,70
2025-01-18,1255,1,69
2025-01-18,1827,2,65
2025-01-18,1235,2,36
2025-01-18,81,1,64
2025-01-18,1800,1,43
2025-01-18,997,1,149
2025-01-18,511,1,112
2025-01-18,1496,1,40
2025-01-18,963,1,70
2025-01-18,1255,1,69
2025-01-18,1019,1,264
2025-01-18,3194,1,126
2025-01-18,1132,1,88
2025-01-18,826,1,92
2025-01-18,1232,1,28
2025-01-18,353,1,25
2025-01-18,1573,1,95
2025-01-18,1838,1,25
2025-01-18,68,1,83
2025-01-18,1398,1,82
2025-01-18,217,1,144
2025-01-18,1349,1,45
2025-01-18,1027,1,38
2025-01-18,1802,1,40
2025-01-18,133,3,98
2025-01-18,217,1,144
2025-01-18,1800,1,43
2025-01-18,1809,1,37
2025-01-18,51,1,89
2025-01-18,1801,1,43
2025-01-18,1803,1,48
2025-01-18,1460,1,50
2025-01-18,1810,1,12
2025-01-18,215,1,167
2025-01-18,215,1,167
2025-01-18,1798,1,28
2025-01-18,1507,1,104
2025-01-18,1235,1,135
2025-01-18,1507,1,104
2025-01-18,476,1,144
2025-01-18,1152,1,137
2025-01-18,846,2,55
2025-01-18,1576,1,50
2025-01-18,1184,1,7
2025-01-18,460,1,72
2025-01-18,1289,1,40
2025-01-18,3154,1,17
2025-01-18,1796,2,42
2025-01-18,1801,2,43
2025-01-18,1797,3,48
2025-01-18,1809,2,37
2025-01-18,2094,1,18
2025-01-18,1184,1,7
2025-01-18,31,1,186
2025-01-18,1255,2,69
2025-01-18,1286,1,28
2025-01-18,1247,1,45
2025-01-18,838,1,65
2025-01-18,1802,1,40
2025-01-18,1802,1,40
2025-01-18,1003,1,100
2025-01-18,292,1,30
2025-01-18,1174,1,97
2025-01-18,846,1,55
2025-01-18,1801,1,43
2025-01-18,181,1,133
2025-01-18,189,1,126
2025-01-19,1235,1,135
2025-01-19,1420,1,45
2025-01-19,1349,1,45
2025-01-19,137,1,129
2025-01-19,133,1,98
2025-01-19,434,1,189
2025-01-19,1637,2,42
2025-01-19,1678,1,80
2025-01-19,302,1,193
2025-01-19,1152,1,137
2025-01-19,1235,1,135
2025-01-19,1796,1,42
2025-01-19,1272,1,150
2025-01-19,1810,1,12
2025-01-19,1698,1,170
2025-01-19,1649,1,10
2025-01-19,1160,1,126
2025-01-19,1255,1,69
2025-01-19,441,1,129
2025-01-19,1801,1,43
2025-01-19,1797,1,48
2025-01-19,1802,1,40
2025-01-19,1001,1,239
2025-01-19,719,1,15
2025-01-19,242,1,27
2025-01-19,1558,1,99
2025-01-19,719,1,15
2025-01-19,1640,1,79
2025-01-19,991,1,68
2025-01-19,544,1,55
2025-01-19,55,1,310
2025-01-19,366,1,42
2025-01-19,1349,1,45
2025-01-19,435,1,144
2025-01-19,434,1,189
2025-01-19,81,1,64
2025-01-19,1402,1,220
2025-01-19,1437,1,65
2025-01-19,1152,1,137
2025-01-19,1175,1,21
2025-01-19,219,1,21
2025-01-19,220,1,34
2025-01-19,1309,1,70
2025-01-19,1800,1,43
2025-01-19,782,1,160
2025-01-19,719,1,15
2025-01-19,1798,1,28
2025-01-19,1798,-1,28
2025-01-19,719,5,15
2025-01-19,1649,2,10
2025-01-19,592,1,68
2025-01-19,1398,1,82
2025-01-19,3224,1,22
2025-01-19,793,1,92
2025-01-19,190,1,55
2025-01-19,807,1,86
2025-01-19,793,10,1
2025-01-19,830,1,97
2025-01-19,1383,1,97
2025-01-19,33,1,62
2025-01-19,1278,1,65
2025-01-19,1757,1,112
2025-01-19,1129,1,74
2025-01-19,597,1,102
2025-01-19,1290,1,34
2025-01-19,3165,1,40
2025-01-19,1800,2,43
2025-01-19,1637,1,42
2025-01-19,205,1,92
2025-01-19,413,1,30
2025-01-19,955,1,399
2025-01-19,263,1,22
2025-01-19,262,1,22
2025-01-19,1619,1,58
2025-01-19,1255,1,69
2025-01-19,277,1,89
2025-01-19,1505,1,54
2025-01-19,1327,1,365
2025-01-19,536,1,65
2025-01-19,1015,1,85
2025-01-19,467,1,220
2025-01-19,51,1,89
2025-01-19,1278,1,65
2025-01-19,374,1,90
2025-01-19,82,1,153
2025-01-19,1155,1,84
2025-01-19,394,1,136
2025-01-19,735,1,88
2025-01-19,448,1,61
2025-01-19,1049,1,78
2025-01-19,191,2,20
2025-01-19,417,1,48
2025-01-19,1382,1,74
2025-01-19,1709,1,20
2025-01-20,1344,1,135
2025-01-20,1802,1,40
2025-01-20,1380,2,125
2025-01-20,441,1,129
2025-01-20,334,3,25
2025-01-20,1402,-1,220
2025-01-20,719,1,15
2025-01-20,1649,2,10
2025-01-20,1798,1,28
2025-01-20,217,1,144
2025-01-20,1309,1,70
2025-01-20,945,1,143
2025-01-20,1797,1,48
2025-01-20,1799,1,25
2025-01-20,226,1,118
2025-01-20,735,1,88
2025-01-20,3224,1,22
2025-01-20,997,1,149
2025-01-20,1649,4,10
2025-01-20,719,1,15
2025-01-20,680,1,86
2025-01-20,1802,1,40
2025-01-20,1747,1,105
2025-01-20,756,1,36
2025-01-20,1337,1,18
2025-01-20,1112,1,162
2025-01-20,1184,1,7
2025-01-20,951,1,65
2025-01-20,352,1,28
2025-01-20,380,1,95
2025-01-20,965,1,129
2025-01-20,3126,1,33
2025-01-20,1248,2,5
2025-01-20,808,2,90
2025-01-20,1795,1,126
2025-01-20,754,1,150
2025-01-20,837,1,80
2025-01-20,1294,2,40
2025-01-20,90,1,45
2025-01-20,103,1,50
2025-01-20,1072,1,40
2025-01-20,951,1,65
2025-01-20,1604,1,45
2025-01-20,3196,1,126
2025-01-20,1851,1,65
2025-01-20,1147,1,219
2025-01-20,1146,1,140
2025-01-20,1111,1,30
2025-01-20,740,2,65
2025-01-20,1802,1,40
2025-01-20,1705,1,80
2025-01-20,354,1,29
2025-01-20,1707,1,8
2025-01-20,905,1,26
2025-01-20,328,1,25
2025-01-20,1295,1,40
2025-01-20,1810,1,12
2025-01-20,1225,1,20
2025-01-20,469,1,192
2025-01-20,1216,1,50
2025-01-20,1769,1,45
2025-01-20,1649,1,10
2025-01-20,780,1,135
2025-01-20,1552,1,99
2025-01-20,1798,16,28
2025-01-20,1500,1,25
2025-01-20,1145,1,210
2025-01-20,1072,1,40
2025-01-20,804,1,95
2025-01-20,1908,1,239
2025-01-20,3149,1,177
2025-01-20,189,1,126
2025-01-20,1729,1,84
2025-01-20,1531,1,50
2025-01-20,3129,1,750
2025-01-20,1234,1,89
2025-01-20,3200,1,198
2025-01-20,440,2,83
2025-01-20,1295,1,40
2025-01-20,1288,2,40
2025-01-20,1801,3,43
2025-01-20,1871,2,144
2025-01-20,1310,1,100
2025-01-20,1255,1,69
2025-01-20,1532,1,39
2025-01-20,851,1,48
2025-01-20,982,1,80
2025-01-20,1480,1,65
2025-01-20,753,1,67
2025-01-20,1398,1,82
2025-01-20,1514,1,42
2025-01-20,1800,1,43
2025-01-20,296,1,35
2025-01-20,1604,1,45
2025-01-20,1160,1,126
2025-01-20,1674,1,185
2025-01-20,1229,1,25
2025-01-20,1028,1,23
2025-01-20,1810,2,12
2025-01-20,893,1,17
2025-01-20,869,1,17
2025-01-20,1798,1,28
2025-01-20,1235,1,135
2025-01-20,997,3,149
2025-01-20,380,2,95
2025-01-20,681,1,90
2025-01-20,1691,1,216
2025-01-20,547,1,206
2025-01-20,3172,1,188
2025-01-20,1798,1,28
2025-01-20,862,1,17
2025-01-20,893,1,17
2025-01-20,859,1,17
2025-01-20,1152,1,137
2025-01-20,1087,1,70
2025-01-20,3169,1,31
2025-01-20,1132,1,88
2025-01-20,1309,1,70
2025-01-20,1255,1,69
2025-01-20,217,1,144
2025-01-20,1472,2,25
2025-01-20,754,5,150
2025-01-20,1423,1,173
2025-01-20,719,1,15
2025-01-20,466,1,220
2025-01-20,217,1,144
2025-01-20,51,2,89
2025-01-20,252,1,60
2025-01-20,217,1,144
2025-01-20,1437,1,65
2025-01-20,1310,1,100
2025-01-20,390,1,125
2025-01-20,1153,2,138
2025-01-20,1810,1,12
2025-01-20,1010,1,407
2025-01-20,51,1,89
2025-01-20,1380,1,125
2025-01-20,320,1,150
2025-01-20,486,1,90
2025-01-20,837,1,80
2025-01-20,1145,1,210
2025-01-20,3135,1,108
2025-01-20,552,3,5
2025-01-20,695,1,84
2025-01-20,51,1,89
2025-01-20,301,1,45
2025-01-20,760,2,132
2025-01-20,1867,1,85
2025-01-20,434,1,189
2025-01-20,3194,1,126
2025-01-20,633,1,38
2025-01-20,912,1,28
2025-01-20,1809,2,37
2025-01-20,912,1,28
2025-01-20,1678,1,80
2025-01-20,1756,1,32
2025-01-20,3209,1,50
2025-01-20,965,1,129
2025-01-20,1649,1,10
2025-01-20,1806,1,20
2025-01-20,1805,1,20
2025-01-20,1169,1,25
2025-01-20,3209,1,50
2025-01-20,3212,1,50
2025-01-20,412,1,158
2025-01-20,1446,1,40
2025-01-20,1802,2,40
2025-01-20,719,1,15
2025-01-20,1235,1,135
2025-01-20,1398,1,82
2025-01-20,1801,1,43
2025-01-20,3135,1,108
2025-01-20,957,1,82
2025-01-20,69,1,126
2025-01-20,1286,1,28
2025-01-20,460,1,72
2025-01-20,939,1,26
2025-01-20,1800,1,43
2025-01-20,1596,1,68
2025-01-20,1024,1,32
2025-01-20,650,1,86
2025-01-20,1752,1,147
2025-01-20,1826,1,75
2025-01-20,917,2,68
2025-01-20,1649,1,10
2025-01-20,1801,1,43
2025-01-20,227,1,118
2025-01-20,1031,1,130
2025-01-20,719,2,15
2025-01-20,1797,1,48
2025-01-20,1799,2,25
2025-01-20,1272,1,150
2025-01-20,957,1,82
2025-01-20,1397,1,95
2025-01-20,1398,1,82
2025-01-20,749,1,370
2025-01-20,806,1,33
2025-01-20,1349,1,45
2025-01-20,142,1,39
2025-01-20,1028,1,23
2025-01-20,1109,1,67
2025-01-20,1306,1,237
2025-01-20,434,1,189
2025-01-20,809,1,81
2025-01-20,1792,1,20
2025-01-20,677,1,232
2025-01-20,1532,1,39
2025-01-20,380,1,95
2025-01-20,833,1,84
2025-01-20,1309,1,70
2025-01-20,51,1,89
2025-01-20,1397,1,95
2025-01-20,51,1,89
2025-01-20,1397,2,95
2025-01-20,1594,1,68
2025-01-20,1888,1,65
2025-01-20,1799,1,25
2025-01-20,1594,1,68
2025-01-20,915,2,28
2025-01-20,114,1,69
2025-01-20,992,1,98
2025-01-20,1364,1,125
2025-01-20,1072,1,40
2025-01-20,12,1,107
2025-01-20,277,1,89
2025-01-20,28,1,40
2025-01-20,83,1,40
2025-01-20,344,1,72
2025-01-20,461,1,220
2025-01-20,1024,1,32
2025-01-20,680,1,86
2025-01-20,1826,1,75
2025-01-20,3126,1,33
2025-01-20,1374,1,66
2025-01-20,1442,1,20
2025-01-20,1532,1,39
2025-01-20,592,2,68
2025-01-20,1398,1,82
2025-01-20,2094,1,18
2025-01-20,1152,1,137
2025-01-20,1248,1,5
2025-01-20,529,6,42
2025-01-20,1144,3,155
2025-01-20,1309,1,70
2025-01-20,366,1,42
2025-01-20,562,1,110
2025-01-20,1158,1,65
2025-01-20,1640,1,79
2025-01-20,1178,1,48
2025-01-20,1247,1,45
2025-01-20,1810,1,12
2025-01-20,687,1,123
2025-01-20,485,1,109
2025-01-20,1235,1,36
2025-01-20,1798,1,28
2025-01-20,1152,1,137
2025-01-20,805,1,50
2025-01-20,1905,1,70
2025-01-20,974,2,82
2025-01-20,1740,1,103
2025-01-20,1184,2,7
2025-01-20,1507,1,104
2025-01-20,1809,1,37
2025-01-20,609,1,55
2025-01-20,981,1,68
2025-01-20,547,1,206
2025-01-20,1799,1,25
2025-01-21,2094,2,18
2025-01-21,1705,1,80
2025-01-21,1316,1,69
2025-01-21,1001,1,239
2025-01-21,1724,1,80
2025-01-21,849,1,88
2025-01-21,782,1,160
2025-01-21,1640,1,79
2025-01-21,1801,1,43
2025-01-21,1564,1,99
2025-01-21,1282,1,87
2025-01-21,179,1,143
2025-01-21,1802,1,40
2025-01-21,1800,3,43
2025-01-21,1799,2,25
2025-01-21,1255,1,69
2025-01-21,1184,1,7
2025-01-21,1826,1,75
2025-01-21,103,1,50
2025-01-21,3189,1,55
2025-01-21,1798,1,28
2025-01-21,1810,4,12
2025-01-21,1225,1,20
2025-01-21,1235,2,36
2025-01-21,448,1,61
2025-01-21,1312,1,214
2025-01-21,1649,2,10
2025-01-21,466,1,220
2025-01-21,1282,1,87
2025-01-21,20,1,237
2025-01-21,81,1,64
2025-01-21,80,2,45
2025-01-21,951,1,65
2025-01-21,3202,1,28
2025-01-21,1308,1,30
2025-01-21,592,1,68
2025-01-21,1132,3,88
2025-01-21,911,1,26
2025-01-21,217,1,144
2025-01-21,1255,14,69
2025-01-21,945,1,143
2025-01-21,1800,1,43
2025-01-21,767,1,100
2025-01-21,1309,1,70
2025-01-21,390,1,125
2025-01-21,1349,1,45
2025-01-21,1097,1,30
2025-01-21,295,1,140
2025-01-21,1798,2,28
2025-01-21,276,1,103
2025-01-21,1272,1,150
2025-01-21,1826,1,75
2025-01-21,1030,1,58
2025-01-21,837,1,80
2025-01-21,1596,2,68
2025-01-21,1180,1,35
2025-01-21,1179,1,67
2025-01-21,1726,3,62
2025-01-21,378,3,78
2025-01-21,1040,1,42
2025-01-21,1640,1,79
2025-01-21,1798,1,28
2025-01-21,552,2,5
2025-01-21,586,1,92
2025-01-21,714,1,50
2025-01-21,683,1,95
2025-01-21,1072,1,40
2025-01-21,1446,1,40
2025-01-21,2418,1,195
2025-01-21,1798,2,28
2025-01-21,1422,6,97
2025-01-21,594,2,85
2025-01-21,194,1,81
2025-01-21,1827,1,65
2025-01-21,947,1,85
2025-01-21,1426,1,25
2025-01-21,793,5,1
2025-01-21,535,1,23
2025-01-21,535,1,23
2025-01-21,51,1,89
2025-01-21,1649,1,10
2025-01-21,951,1,65
2025-01-21,540,1,59
2025-01-21,1810,4,12
2025-01-21,295,1,140
2025-01-21,319,1,70
2025-01-21,78,1,42
2025-01-21,1810,1,12
2025-01-21,1200,1,32
2025-01-21,1114,1,23
2025-01-21,1472,1,25
2025-01-21,1109,1,67
2025-01-21,1713,1,112
2025-01-21,220,1,34
2025-01-21,1016,1,192
2025-01-21,369,1,50
2025-01-21,1722,1,98
2025-01-21,1509,1,50
2025-01-21,1397,1,95
2025-01-21,406,1,80
2025-01-21,1617,2,58
2025-01-21,1165,4,5
2025-01-21,1247,1,45
2025-01-21,1442,1,20
2025-01-21,1826,1,75
2025-01-21,1349,1,45
2025-01-21,1827,1,65
2025-01-21,51,1,89
2025-01-21,51,1,89
2025-01-21,460,1,72
2025-01-21,887,1,56
2025-01-21,1827,1,65
2025-01-21,1649,5,10
2025-01-21,1255,2,69
2025-01-21,1840,1,15
2025-01-21,1585,1,95
2025-01-21,1846,1,25
2025-01-21,1184,2,7
2025-01-21,87,1,50
2025-01-21,1310,1,100
2025-01-21,238,1,102
2025-01-21,1255,1,69
2025-01-21,1539,1,42
2025-01-21,217,1,144
2025-01-21,1164,1,75
2025-01-21,1268,2,52
2025-01-21,284,1,68
2025-01-21,597,1,102
2025-01-21,1024,1,32
2025-01-21,20,1,237
2025-01-21,299,1,85
2025-01-21,1442,1,20
2025-01-21,260,1,38
2025-01-21,1529,1,30
2025-01-21,1853,2,85
2025-01-21,1437,1,65
2025-01-21,1255,2,69
2025-01-21,1248,2,5
2025-01-21,1810,1,12
2025-01-21,1569,1,95
2025-01-21,871,1,17
2025-01-21,868,1,17
2025-01-21,1871,1,144
2025-01-21,552,1,5
2025-01-21,1309,1,70
2025-01-21,2094,1,18
2025-01-21,1800,1,43
2025-01-21,51,1,89
2025-01-21,81,1,64
2025-01-21,1255,1,69
2025-01-21,1498,1,28
2025-01-21,1258,1,49
2025-01-21,271,1,123
2025-01-21,1803,1,48
2025-01-21,1308,1,30
2025-01-21,128,1,68
2025-01-21,1111,1,30
2025-01-21,1798,1,28
2025-01-21,1255,1,69
2025-01-21,217,1,144
2025-01-21,1453,1,42
2025-01-21,1422,1,97
2025-01-21,529,1,42
2025-01-21,1247,1,45
2025-01-21,880,1,17
2025-01-21,2644,1,5
2025-01-21,1152,1,137
2025-01-21,881,1,17
2025-01-21,1799,2,25
2025-01-21,860,1,17
2025-01-21,3154,1,17
2025-01-21,888,1,17
2025-01-21,1152,1,137
2025-01-21,1802,11,40
2025-01-21,1803,2,48
2025-01-21,1800,2,43
2025-01-21,1799,10,25
2025-01-21,1813,4,22
2025-01-21,3116,9,22
2025-01-21,793,1,1
2025-01-21,1803,1,48
2025-01-22,704,1,71
2025-01-22,238,1,102
2025-01-22,974,1,82
2025-01-22,609,1,55
2025-01-22,1798,1,28
2025-01-22,3209,1,50
2025-01-22,1153,1,138
2025-01-22,225,1,70
2025-01-22,552,4,5
2025-01-22,2644,2,5
2025-01-22,1569,1,95
2025-01-22,1570,2,95
2025-01-22,434,1,189
2025-01-22,1649,2,10
2025-01-22,1255,1,70
2025-01-22,1541,1,58
2025-01-22,1803,2,48
2025-01-22,1802,1,40
2025-01-22,1799,1,25
2025-01-22,607,1,99
2025-01-22,1426,1,25
2025-01-22,242,1,27
2025-01-22,655,1,58
2025-01-22,495,1,95
2025-01-22,417,1,48
2025-01-22,1705,2,80
2025-01-22,425,1,70
2025-01-22,1705,1,80
2025-01-22,217,1,144
2025-01-22,1802,1,40
2025-01-22,1145,1,210
2025-01-22,1702,1,83
2025-01-22,607,1,99
2025-01-22,171,1,220
2025-01-22,1516,1,94
2025-01-22,1244,1,84
2025-01-22,3136,24,1
2025-01-22,1211,2,28
2025-01-22,559,2,108
2025-01-22,3212,2,50
2025-01-22,1309,1,70
2025-01-22,1308,1,30
2025-01-22,3224,1,22
2025-01-22,217,1,144
2025-01-22,217,1,144
2025-01-22,1798,1,28
2025-01-22,217,1,144
2025-01-22,1085,1,244
2025-01-22,434,1,189
2025-01-22,1225,1,20
2025-01-22,1805,1,20
2025-01-22,1707,1,8
2025-01-22,1050,1,168
2025-01-22,1211,5,28
2025-01-22,1552,1,99
2025-01-22,894,1,165
2025-01-22,1798,2,28
2025-01-22,1799,1,25
2025-01-22,217,1,144
2025-01-22,1235,1,135
2025-01-22,213,1,88
2025-01-22,1013,1,282
2025-01-22,729,1,92
2025-01-22,81,1,64
2025-01-22,373,1,80
2025-01-22,535,1,23
2025-01-22,689,1,70
2025-01-22,951,1,65
2025-01-22,1890,1,80
2025-01-22,1095,1,88
2025-01-22,719,1,15
2025-01-22,1810,1,12
2025-01-22,2094,1,18
2025-01-22,793,2,1
2025-01-22,650,1,86
2025-01-22,1097,1,30
2025-01-22,861,1,17
2025-01-22,3147,1,17
2025-01-22,1419,1,226
2025-01-22,2431,1,119
2025-01-22,1649,2,10
2025-01-22,3194,1,126
2025-01-22,1422,2,97
2025-01-22,1802,1,40
2025-01-22,948,1,58
2025-01-22,545,1,72
2025-01-22,1809,1,37
2025-01-22,719,1,15
2025-01-22,1810,1,12
2025-01-22,220,1,34
2025-01-22,1141,1,365
2025-01-22,719,1,15
2025-01-22,1649,1,10
2025-01-22,1001,1,239
2025-01-22,1713,1,112
2025-01-22,1802,1,40
2025-01-22,1050,1,168
2025-01-22,1282,1,87
2025-01-22,1111,1,30
2025-01-22,1382,1,74
2025-01-22,56,1,140
2025-01-22,1642,1,52
2025-01-22,1051,1,91
2025-01-22,1820,1,65
2025-01-22,767,1,100
2025-01-22,1800,1,43
2025-01-22,1377,1,185
2025-01-22,214,1,80
2025-01-22,663,1,49
2025-01-22,1826,1,75
2025-01-22,1802,2,40
2025-01-22,905,1,26
2025-01-22,225,1,70
2025-01-22,1184,1,7
2025-01-22,1503,1,45
2025-01-22,1890,1,80
2025-01-22,1165,3,5
2025-01-22,51,2,89
2025-01-22,1165,3,5
2025-01-22,1810,1,12
2025-01-22,1802,7,40
2025-01-22,1810,1,12
2025-01-22,1827,1,65
2025-01-22,417,1,48
2025-01-22,847,1,62
2025-01-22,301,1,45
2025-01-22,1592,1,68
2025-01-22,563,1,110
2025-01-22,1649,1,10
2025-01-22,1255,2,70
2025-01-22,366,2,42
2025-01-22,3186,1,105
2025-01-22,1800,1,43
2025-01-22,2094,1,18
2025-01-22,1248,1,5
2025-01-22,719,2,15
2025-01-22,1871,2,144
2025-01-22,1802,2,40
2025-01-22,1437,1,65
2025-01-22,1637,1,42
2025-01-22,299,1,85
2025-01-22,1637,1,42
2025-01-22,1184,1,7
2025-01-22,1798,1,28
2025-01-22,890,1,80
2025-01-22,1798,1,28
2025-01-22,1810,1,12
2025-01-22,1799,1,25
2025-01-23,1265,1,41
2025-01-23,167,1,54
2025-01-23,1184,1,7
2025-01-23,1165,1,5
2025-01-23,806,1,33
2025-01-23,1802,1,40
2025-01-23,1800,1,43
2025-01-23,1309,2,70
2025-01-23,1802,1,40
2025-01-23,535,1,23
2025-01-23,535,1,23
2025-01-23,680,1,86
2025-01-23,579,1,59
2025-01-23,1702,1,83
2025-01-23,1678,1,80
2025-01-23,1333,1,132
2025-01-23,3171,1,125
2025-01-23,607,1,99
2025-01-23,430,1,35
2025-01-23,75,1,130
2025-01-23,128,1,68
2025-01-23,1155,1,84
2025-01-23,448,1,61
2025-01-23,1312,1,214
2025-01-23,1810,1,12
2025-01-23,1513,1,35
2025-01-23,1272,1,150
2025-01-23,1626,1,25
2025-01-23,1310,1,100
2025-01-23,69,1,126
2025-01-23,301,1,45
2025-01-23,459,1,104
2025-01-23,606,1,293
2025-01-23,1019,1,264
2025-01-23,1153,1,138
2025-01-23,271,1,123
2025-01-25,967,1,65
2025-01-25,968,1,65
2025-01-25,1773,1,65
2025-01-25,881,1,17
2025-01-25,83,1,40
2025-01-25,735,2,88
2025-01-25,1708,1,50
2025-01-25,1274,1,99
2025-01-25,682,1,6
2025-01-25,1556,1,99
2025-01-25,693,1,92
2025-01-25,1000,1,85
2025-01-25,1802,1,40
2025-01-25,1090,1,49
2025-01-25,1799,3,25
2025-01-25,1813,2,22
2025-01-25,1647,1,115
2025-01-25,876,1,17
2025-01-25,1235,2,36
2025-01-25,1800,1,43
2025-01-25,1802,1,40
2025-01-25,330,1,80
2025-01-25,28,1,40
2025-01-25,1312,1,214
2025-01-25,221,1,20
2025-01-25,1375,1,98
2025-01-25,463,1,192
2025-01-25,1235,1,135
2025-01-25,1152,1,137
2025-01-25,217,2,144
2025-01-25,217,1,144
2025-01-25,1798,2,28
2025-01-25,1802,1,40
2025-01-25,719,1,15
2025-01-25,1152,1,137
2025-01-25,1798,1,28
2025-01-25,1484,1,84
2025-01-25,299,1,85
2025-01-25,299,1,85
2025-01-25,793,2,1
2025-01-25,1397,1,95
2025-01-25,1780,1,140
2025-01-25,1639,1,80
2025-01-25,541,1,63
2025-01-25,1461,1,35
2025-01-25,1800,1,43
2025-01-25,3217,1,40
2025-01-25,51,1,89
2025-01-25,587,1,76
2025-01-25,1810,1,12
2025-01-25,542,1,23
2025-01-25,1705,1,80
2025-01-25,302,1,193
2025-01-25,1554,1,99
2025-01-25,1407,1,28
2025-01-25,1404,1,26
2025-01-25,238,1,102
2025-01-25,1876,1,25
2025-01-25,1255,1,70
2025-01-25,51,1,89
2025-01-25,1289,1,40
2025-01-25,1799,1,25
2025-01-25,1309,1,70
2025-01-25,719,1,15
2025-01-25,680,1,86
2025-01-25,719,1,15
2025-01-25,1333,1,132
2025-01-25,13,1,40
2025-01-25,1363,1,116
2025-01-25,1309,1,70
2025-01-25,13,1,40
2025-01-25,545,1,72
2025-01-25,977,1,128
2025-01-25,2654,1,22
2025-01-25,719,1,15
2025-01-25,1798,1,28
2025-01-25,380,1,95
2025-01-25,1255,1,70
2025-01-25,28,1,40
2025-01-25,1553,1,99
2025-01-25,1340,1,34
2025-01-25,793,10,1
2025-01-25,1310,1,100
2025-01-25,34,1,65
2025-01-25,946,1,80
2025-01-25,723,1,38
2025-01-25,3116,2,22
2025-01-25,1210,1,25
2025-01-25,1826,2,75
2025-01-25,226,1,118
2025-01-25,1586,1,95
2025-01-25,1498,1,28
2025-01-25,1164,1,75
2025-01-25,1552,1,99
2025-01-25,1840,1,15
2025-01-25,1310,1,100
2025-01-25,3147,1,17
2025-01-25,1255,1,70
2025-01-25,1586,1,95
2025-01-25,552,2,5
2025-01-25,1774,1,65
2025-01-25,227,1,118
2025-01-25,1118,2,80
2025-01-25,138,1,80
2025-01-25,1401,1,53
2025-01-25,1589,1,68
2025-01-25,1235,2,36
2025-01-25,3194,1,126
2025-01-25,1649,3,10
2025-01-25,51,1,89
2025-01-25,552,4,5
2025-01-25,1152,1,137
2025-01-25,1164,1,75
2025-01-25,1258,1,49
2025-01-25,1649,1,10
2025-01-25,791,2,182
2025-01-25,719,1,15
2025-01-25,1152,1,137
2025-01-25,1509,1,50
2025-01-25,152,1,96
2025-01-25,951,1,65
2025-01-25,542,1,23
2025-01-25,2094,1,18
2025-01-25,1309,1,70
2025-01-25,1796,1,42
2025-01-25,1810,1,12
2025-01-25,1797,2,48
2025-01-25,1801,1,43
2025-01-25,1802,6,40
2025-01-25,1796,3,42
2025-01-25,1797,4,48
2025-01-25,1801,3,43
2025-01-25,1803,1,48
2025-01-25,1309,2,70
2025-01-25,1412,2,58
2025-01-25,946,1,80
2025-01-25,217,1,144
2025-01-25,682,1,6
2025-01-25,953,1,85
2025-01-25,614,1,92
2025-01-25,380,1,95
2025-01-25,1507,1,104
2025-01-25,719,2,15
2025-01-25,1235,1,36
2025-01-25,238,1,102
2025-01-25,217,1,144
2025-01-25,1349,1,45
2025-01-25,1165,1,5
2025-01-25,1255,1,70
2025-01-25,965,1,129
2025-01-25,3208,2,50
2025-01-25,1809,1,37
2025-01-25,1289,1,40
2025-01-25,1294,1,40
2025-01-25,299,1,85
2025-01-25,1800,2,43
2025-01-25,191,1,20
2025-01-25,1797,2,48
2025-01-25,448,1,61
2025-01-25,3002,1,65
2025-01-26,1803,2,48
2025-01-26,1165,2,5
2025-01-26,3234,1,1
2025-01-26,1309,1,70
2025-01-26,1573,1,95
2025-01-26,1802,2,40
2025-01-26,1802,1,40
2025-01-26,1834,1,6
2025-01-26,1309,2,70
2025-01-26,185,1,80
2025-01-26,535,1,23
2025-01-26,755,1,28
2025-01-26,1705,1,80
2025-01-26,356,2,15
2025-01-26,1152,1,137
2025-01-26,1437,1,65
2025-01-26,3169,1,31
2025-01-26,370,1,31
2025-01-26,1787,1,85
2025-01-26,1648,1,137
2025-01-26,1809,5,37
2025-01-26,3116,2,22
2025-01-26,718,1,35
2025-01-26,320,1,150
2025-01-26,460,1,72
2025-01-26,51,1,89
2025-01-26,3186,1,105
2025-01-26,806,1,33
2025-01-26,51,2,89
2025-01-26,1438,1,77
2025-01-26,1800,1,43
2025-01-26,51,1,89
2025-01-26,1418,1,450
2025-01-26,241,1,45
2025-01-26,1802,1,40
2025-01-26,1800,1,43
2025-01-26,1810,1,12
2025-01-26,1735,2,133
2025-01-26,1740,1,103
2025-01-26,1617,1,58
2025-01-26,1802,1,40
2025-01-26,722,1,38
2025-01-26,344,1,72
2025-01-26,984,1,25
2025-01-26,1800,1,43
2025-01-27,1349,1,45
2025-01-27,1639,1,80
2025-01-27,1674,1,185
2025-01-27,330,1,80
2025-01-27,837,1,80
2025-01-27,1153,1,140
2025-01-27,225,1,70
2025-01-27,1851,1,65
2025-01-27,1272,1,150
2025-01-27,1153,1,140
2025-01-27,774,1,20
2025-01-27,1649,1,10
2025-01-27,1800,1,43
2025-01-27,1799,2,25
2025-01-27,552,1,5
2025-01-27,3162,1,175
2025-01-27,1798,1,28
2025-01-27,1144,1,155
2025-01-27,225,1,70
2025-01-27,2418,3,10
2025-01-27,583,1,69
2025-01-27,1498,1,28
2025-01-27,1219,2,20
2025-01-27,1472,1,25
2025-01-27,1541,1,58
2025-01-27,1521,1,45
2025-01-27,1803,2,48
2025-01-27,1796,1,42
2025-01-27,1802,1,40
2025-01-27,2094,1,18
2025-01-27,1255,1,70
2025-01-27,1705,1,80
2025-01-27,51,2,89
2025-01-27,1153,1,140
2025-01-27,51,1,89
2025-01-27,1761,1,65
2025-01-27,887,2,56
2025-01-27,1529,1,30
2025-01-27,1521,1,45
2025-01-27,1782,1,80
2025-01-27,1255,1,70
2025-01-27,947,1,85
2025-01-27,588,1,120
2025-01-27,946,2,80
2025-01-27,80,1,45
2025-01-27,91,1,33
2025-01-27,1810,2,12
2025-01-27,3234,1,1
2025-01-27,965,1,129
2025-01-27,1706,1,65
2025-01-27,684,2,65
2025-01-27,1707,2,8
2025-01-27,1153,1,140
2025-01-27,1640,1,79
2025-01-27,1473,1,20
2025-01-27,1532,1,39
2025-01-27,1796,1,42
2025-01-27,217,1,144
2025-01-27,1097,1,30
2025-01-27,806,1,33
2025-01-27,867,1,17
2025-01-27,1805,1,20
2025-01-27,737,1,198
2025-01-27,138,2,80
2025-01-27,1802,1,40
2025-01-27,811,1,93
2025-01-27,1345,1,105
2025-01-27,357,1,132
2025-01-27,1800,1,43
2025-01-27,615,1,72
2025-01-27,719,2,15
2025-01-27,951,1,65
2025-01-27,1816,2,3
2025-01-27,953,1,85
2025-01-27,1626,1,25
2025-01-27,3165,1,40
2025-01-27,3164,1,40
2025-01-27,1376,1,93
2025-01-27,217,1,144
2025-01-27,238,1,102
2025-01-27,1015,1,85
2025-01-27,1356,1,172
2025-01-27,1871,1,144
2025-01-27,1397,1,95
2025-01-27,1819,1,126
2025-01-27,719,1,15
2025-01-27,894,1,165
2025-01-27,1169,2,25
2025-01-27,953,1,85
2025-01-27,1309,1,70
2025-01-27,1309,1,70
2025-01-27,413,1,30
2025-01-27,81,1,64
2025-01-27,335,1,25
2025-01-27,1480,1,65
2025-01-27,1461,1,35
2025-01-27,279,1,75
2025-01-27,1144,1,155
2025-01-27,1068,1,42
2025-01-27,753,1,67
2025-01-27,1792,1,20
2025-01-27,425,1,70
2025-01-27,1309,-1,70
2025-01-27,1798,1,28
2025-01-27,1272,1,150
2025-01-27,1598,1,68
2025-01-27,1808,2,85
2025-01-27,52,1,85
2025-01-27,1255,1,70
2025-01-27,1797,1,48
2025-01-27,1594,1,68
2025-01-27,473,1,58
2025-01-27,1890,1,80
2025-01-27,1708,1,50
2025-01-27,645,1,113
2025-01-27,394,1,136
2025-01-27,154,1,128
2025-01-27,1349,1,45
2025-01-27,1309,1,70
2025-01-27,1449,1,35
2025-01-27,465,1,220
2025-01-27,348,1,260
2025-01-27,181,1,133
2025-01-27,1299,1,40
2025-01-27,754,2,150
2025-01-27,1676,1,65
2025-01-27,217,1,144
2025-01-27,756,1,36
2025-01-27,1568,1,95
2025-01-27,67,1,10
2025-01-27,1328,1,34
2025-01-27,1569,1,95
2025-01-27,1255,1,70
2025-01-27,1398,1,82
2025-01-27,295,1,140
2025-01-27,719,2,15
2025-01-27,1437,1,65
2025-01-27,992,1,98
2025-01-27,319,1,70
2025-01-27,1528,1,42
2025-01-27,1799,1,25
2025-01-27,216,1,15
2025-01-27,235,1,40
2025-01-27,368,1,50
2025-01-27,1601,1,32
2025-01-27,1309,1,70
2025-01-27,1283,1,99
2025-01-27,1096,1,52
2025-01-27,719,1,15
2025-01-27,1810,1,12
2025-01-27,1272,1,150
2025-01-27,1309,1,70
2025-01-27,1649,2,10
2025-01-27,151,1,96
2025-01-27,1498,1,28
2025-01-27,1309,1,70
2025-01-27,611,1,84
2025-01-27,217,1,144
2025-01-27,1802,1,40
2025-01-27,1826,1,75
2025-01-27,340,1,170
2025-01-27,1288,1,40
2025-01-27,435,1,144
2025-01-27,3135,1,108
2025-01-27,614,1,92
2025-01-27,1289,1,40
2025-01-27,3230,1,65
2025-01-27,1669,1,50
2025-01-27,3234,1,1
2025-01-27,400,1,48
2025-01-27,552,2,5
2025-01-28,1648,1,137
2025-01-28,1184,2,7
2025-01-28,217,1,144
2025-01-28,3186,1,105
2025-01-28,719,1,15
2025-01-28,1254,1,102
2025-01-28,1037,1,110
2025-01-28,83,1,40
2025-01-28,683,1,95
2025-01-28,225,1,70
2025-01-28,542,1,23
2025-01-28,51,1,89
2025-01-28,141,3,59
2025-01-28,680,1,86
2025-01-28,225,2,70
2025-01-28,1805,1,20
2025-01-28,3201,1,85
2025-01-28,1805,1,20
2025-01-28,1799,1,25
2025-01-28,1810,1,12
2025-01-28,3150,1,126
2025-01-28,1420,1,45
2025-01-28,1272,1,150
2025-01-28,1090,1,49
2025-01-28,417,1,48
2025-01-28,217,1,144
2025-01-28,1705,1,80
2025-01-28,984,1,25
2025-01-28,107,1,20
2025-01-28,1176,1,58
2025-01-28,982,1,80
2025-01-28,3154,1,17
2025-01-28,3188,1,112
2025-01-28,1798,1,28
2025-01-28,1446,1,40
2025-01-28,217,1,144
2025-01-28,1775,1,94
2025-01-28,217,1,144
2025-01-28,434,1,189
2025-01-28,1648,1,137
2025-01-28,3220,1,50
2025-01-28,1774,1,65
2025-01-28,580,1,75
2025-01-28,260,1,38
2025-01-28,301,1,45
2025-01-28,1255,1,70
2025-01-28,2094,1,18
2025-01-28,1111,1,30
2025-01-28,51,1,89
2025-01-28,1310,1,100
2025-01-28,786,1,102
2025-01-28,936,1,24
2025-01-28,753,1,67
2025-01-28,181,1,133
2025-01-28,1826,1,75
2025-01-28,1810,2,12
2025-01-28,1775,1,94
2025-01-28,1835,1,49
2025-01-28,602,1,77
2025-01-28,390,1,125
2025-01-28,739,1,62
2025-01-28,3233,1,40
2025-01-28,1591,1,68
2025-01-28,1289,1,40
2025-01-28,588,2,120
2025-01-28,3164,1,40
2025-01-28,1288,1,40
2025-01-28,1797,1,48
2025-01-28,1542,1,217
2025-01-28,1091,1,59
2025-01-28,1568,1,95
2025-01-28,1284,1,94
2025-01-28,51,1,89
2025-01-28,1152,1,137
2025-01-28,1539,1,42
2025-01-28,1051,2,91
2025-01-28,51,1,89
2025-01-28,719,1,15
2025-01-28,1826,1,75
2025-01-28,1152,1,137
2025-01-28,13,1,40
2025-01-28,1206,1,30
2025-01-28,1227,1,28
2025-01-28,720,1,34
2025-01-28,1810,1,12
2025-01-28,993,1,69
2025-01-28,1827,2,65
2025-01-28,806,1,33
2025-01-28,1255,1,70
2025-01-28,1801,1,43
2025-01-28,529,1,42
2025-01-28,1663,1,176
2025-01-28,525,1,45
2025-01-28,366,1,42
2025-01-28,3154,1,17
2025-01-28,1802,2,40
2025-01-28,1803,1,48
2025-01-28,1153,1,140
2025-01-28,1640,1,79
2025-01-28,1255,1,70
2025-01-28,562,1,110
2025-01-28,1626,1,25
2025-01-28,1235,1,36
2025-01-28,1631,3,37
2025-01-28,2094,1,18
2025-01-28,1803,1,48
2025-01-28,1802,1,40
2025-01-28,238,1,102
2025-01-28,1792,1,20
2025-01-28,1905,1,70
2025-01-28,1639,1,80
2025-01-28,222,1,122
2025-01-28,1255,2,70
2025-01-28,1255,1,70
2025-01-28,1322,1,36
2025-01-28,1800,1,43
2025-01-28,1072,1,40
2025-01-28,1291,1,40
2025-01-28,438,1,72
2025-01-28,1799,1,25
2025-01-28,1802,1,40
2025-01-28,1508,1,80
2025-01-28,1037,1,110
2025-01-28,391,1,134
2025-01-28,1184,1,7
2025-01-28,1288,2,40
2025-01-28,1294,1,40
2025-01-28,1756,1,32
2025-01-28,938,1,50
2025-01-28,1801,1,43
2025-01-28,1573,1,95
2025-01-28,719,1,15
2025-01-28,1799,1,25
2025-01-28,1625,1,65
2025-01-28,119,1,86
2025-01-28,1255,1,70
2025-01-28,1802,5,40
2025-01-28,1800,3,43
2025-01-28,595,1,55
2025-01-28,1800,1,43
2025-01-28,1802,1,40
2025-01-28,1498,1,28
2025-01-28,1802,10,40
2025-01-28,3116,10,22
2025-01-28,1799,11,25
2025-01-28,1813,4,22
2025-01-28,1802,10,40
2025-01-28,754,1,150
2025-01-28,1826,2,75
2025-01-28,1802,1,40
2025-01-28,680,2,86
2025-01-28,1184,1,7
2025-01-28,448,1,61
2025-01-28,1353,1,140
2025-01-28,715,1,56
2025-01-28,1649,3,10
2025-01-29,1798,1,28
2025-01-29,1802,1,40
2025-01-29,955,1,399
2025-01-29,1309,1,70
2025-01-29,1802,1,40
2025-01-29,1649,2,10
2025-01-29,1649,1,10
2025-01-29,1802,1,40
2025-01-29,1802,1,40
2025-01-29,1800,1,43
2025-01-29,2173,1,30
2025-01-29,1800,1,43
2025-01-29,555,1,38
2025-01-29,440,1,83
2025-01-29,260,1,38
2025-01-29,226,1,118
2025-01-29,1802,1,40
2025-01-29,478,1,300
2025-01-29,1685,1,45
2025-01-29,1747,1,105
2025-01-29,1249,1,177
2025-01-29,2314,1,22
2025-01-29,1184,1,7
2025-01-29,1437,1,65
2025-01-29,689,1,70
2025-01-29,295,1,140
2025-01-29,435,1,144
2025-01-29,1145,1,210
2025-01-29,1649,3,10
2025-01-29,1649,1,10
2025-01-29,527,1,99
2025-01-29,946,1,80
2025-01-29,36,1,44
2025-01-29,52,1,85
2025-01-29,1619,1,58
2025-01-29,1848,15,85
2025-01-29,1810,3,12
2025-01-29,1660,1,20
2025-01-29,1472,1,25
2025-01-29,191,2,20
2025-01-29,241,1,45
2025-01-29,1152,2,137
2025-01-29,3116,2,22
2025-01-29,1255,2,70
2025-01-29,1094,1,155
2025-01-29,552,1,5
2025-01-29,217,1,144
2025-01-29,719,1,15
2025-01-29,1800,1,43
2025-01-29,1649,1,10
2025-01-29,3149,1,177
2025-01-29,1802,1,40
2025-01-29,1848,6,85
2025-01-29,478,1,300
2025-01-29,1810,2,12
2025-01-29,508,1,58
2025-01-29,3164,1,40
2025-01-29,1437,4,65
2025-01-29,865,1,17
2025-01-29,1247,1,45
2025-01-29,1255,1,70
2025-01-29,225,2,70
2025-01-29,561,1,110
2025-01-29,379,1,92
2025-01-29,1996,1,100
2025-01-29,241,1,45
2025-01-29,719,1,15
2025-01-29,683,1,95
2025-01-29,1672,1,198
2025-01-29,1145,1,210
2025-01-29,1808,1,85
2025-01-29,1428,1,130
2025-01-29,1309,1,70
2025-01-29,1309,1,70
2025-01-29,1152,1,137
2025-01-29,1493,2,52
2025-01-29,726,1,135
2025-01-29,1803,1,48
2025-01-29,1799,3,25
2025-01-29,1800,1,43
2025-01-29,1813,1,22
2025-01-29,1802,1,40
2025-01-29,1284,1,94
2025-01-29,3154,1,17
2025-01-29,871,1,17
2025-01-29,1798,3,28
2025-01-29,1148,1,59
2025-01-29,1248,2,5
2025-01-29,552,1,5
2025-01-29,588,1,120
2025-01-29,434,1,189
2025-01-29,1234,1,89
2025-01-29,328,1,25
2025-01-29,1144,1,155
2025-01-29,1810,1,12
2025-01-29,1815,1,25
2025-01-29,1184,1,7
2025-01-29,945,1,143
2025-01-29,1337,1,18
2025-01-29,1200,1,32
2025-01-29,1397,2,95
2025-01-29,1272,1,150
2025-01-29,1165,2,5
2025-01-29,1592,1,68
2025-01-29,242,1,27
2025-01-29,1324,1,82
2025-01-29,818,1,42
2025-01-29,1802,1,40
2025-01-29,177,1,62
2025-01-29,1073,1,63
2025-01-29,2418,1,10
2025-01-29,1255,1,70
2025-01-29,1761,1,65
2025-01-29,1802,1,40
2025-01-29,1247,1,45
2025-01-29,613,1,84
2025-01-29,1826,1,75
2025-01-29,1255,1,70
2025-01-29,464,1,220
2025-01-29,513,1,42
2025-01-29,1258,1,49
2025-01-29,1798,2,28
2025-01-29,798,1,32
2025-01-29,767,1,100
2025-01-29,2418,4,10
2025-01-29,1255,1,70
2025-01-30,588,2,120
2025-01-30,1810,2,12
2025-01-30,217,2,144
2025-01-30,1678,1,80
2025-01-30,380,1,95
2025-01-30,217,2,144
2025-01-30,538,1,50
2025-01-30,1798,1,28
2025-01-30,1802,1,40
2025-01-30,31,2,186
2025-01-30,1422,1,97
2025-01-30,1288,1,40
2025-01-30,1004,1,100
2025-01-30,1805,1,20
2025-01-30,375,1,43
2025-01-30,1810,2,12
2025-01-30,1867,1,85
2025-01-30,726,1,135
2025-01-30,1800,1,43
2025-01-30,683,1,95
2025-01-30,226,1,118
2025-01-30,552,2,5
2025-01-30,172,1,162
2025-01-30,1145,1,224
2025-01-30,1176,1,58
2025-01-30,1798,4,28
2025-01-30,1507,2,104
2025-01-30,1310,2,100
2025-01-30,542,1,23
2025-01-30,460,1,78
2025-01-30,1800,1,43
2025-01-30,1798,1,28
2025-01-30,391,1,150
2025-01-30,1799,1,25
2025-01-30,1569,1,95
2025-01-30,1802,1,40
2025-01-30,1798,1,28
2025-01-30,1047,1,68
2025-01-30,1192,1,71
2025-01-30,1799,1,25
2025-01-30,719,1,15
2025-01-30,1580,1,95
2025-01-30,3126,1,33
2025-01-30,1573,1,95
2025-01-30,1248,1,5
2025-01-30,242,3,27
2025-01-30,366,1,42
2025-01-30,1562,1,99
2025-01-30,1099,1,60
2025-01-30,3212,2,50
2025-01-30,1027,1,38
2025-01-30,1184,2,7
2025-01-30,225,1,70
2025-01-30,939,1,26
2025-01-30,1245,1,95
2025-01-30,650,1,86
2025-01-30,1001,1,239
2025-01-30,105,1,260
2025-01-30,217,4,144
2025-01-30,719,1,15
2025-01-30,1033,1,80
2025-01-30,611,1,84
2025-01-30,51,1,89
2025-01-30,393,1,162
2025-01-30,1503,1,45
2025-01-30,1235,1,135
2025-01-30,1437,1,65
2025-01-30,552,5,5
2025-01-30,1637,1,42
2025-01-30,1437,1,65
2025-01-30,540,1,59
2025-01-30,1255,1,70
2025-01-30,20,1,237
2025-01-30,141,2,59
2025-01-30,602,1,77
2025-01-30,1802,1,40
2025-01-30,1811,1,280
2025-01-30,754,4,150
2025-01-30,1423,1,173
2025-01-30,1649,3,10
2025-01-30,719,1,15
2025-01-30,1152,1,137
2025-01-30,1649,3,10
2025-01-30,588,1,120
2025-01-30,1539,1,42
2025-01-30,263,1,22
2025-01-30,216,1,15
2025-01-30,1338,1,112
2025-01-30,1639,1,80
2025-01-30,1141,1,365
2025-01-30,172,1,162
2025-01-30,262,1,22
2025-01-30,1363,1,125
2025-01-30,719,2,15
2025-01-30,1871,1,144
2025-01-30,890,1,80
2025-01-30,1827,1,65
2025-01-30,1810,1,12
2025-01-30,1826,1,75
2025-01-30,793,1,1
2025-01-30,588,1,120
2025-01-30,1810,2,12
2025-01-30,1798,2,28
2025-01-30,718,1,35
2025-01-30,1810,1,12
2025-01-30,217,1,144
2025-01-30,592,1,68
2025-01-30,1081,1,121
2025-01-30,151,1,96
2025-01-30,1235,1,36
2025-01-30,217,1,144
2025-01-30,508,1,58
2025-01-30,1437,1,65
2025-01-30,1708,1,50
2025-01-30,1532,1,39
2025-01-30,974,1,82
2025-01-30,1219,1,20
2025-01-30,1178,1,48
